batsman,actual_runs,expected_runs,balls,replacement_exp,batting_war
S Mandhana,3790,3121.6121559232242,4303,2653.3703325347406,113.66296674652594
MM Lanning,3555,2883.3819387772514,3985,2450.874647960664,110.41253520393361
AJ Healy,2759,2032.7568813945356,2897,1727.8433491853552,103.11566508146447
NR Sciver,2668,2016.9084414045951,2842,1714.3721751939058,95.36278248060941
SFM Devine,2796,2264.3336134872593,3194,1924.6835714641704,87.13164285358296
TT Beaumont,4149,3977.6520587151713,5490,3381.0042499078954,76.79957500921046
SW Bates,3303,2995.7673924045394,4361,2546.402283543858,75.65977164561419
AE Satterthwaite,2895,2530.6655200632927,3618,2151.0656920537986,74.39343079462014
L Lee,2516,2089.8193689903514,3044,1776.3464636417987,73.96535363582014
AE Jones,2322,1895.4523105100766,2705,1611.134463933565,71.08655360664349
HC Knight,3158,2892.3824941537364,4205,2458.5251200306757,69.94748799693244
CL Tryon,1681,1168.3557064458407,1545,993.1023504789646,68.78976495210354
AC Jayangani,2924,2713.91333118932,3792,2306.826331510922,61.717366848907794
EA Perry,3356,3230.616134508736,4290,2746.0237143324257,60.99762856675743
BL Mooney,2433,2145.389076852116,2872,1823.5807153242986,60.94192846757014
DN Wyatt,1680,1283.059964327079,1851,1090.600969678017,58.9399030321983
M Kapp,2261,1986.6060764944407,2646,1688.6151650202746,57.23848349797254
HK Matthews,2719,2539.8858099165914,3478,2158.9029384291025,56.00970615708975
SJ Taylor,1651,1303.800051233673,1932,1108.230043548622,54.2769956451378
H Kaur,2730,2614.2997659346174,3449,2222.154801044425,50.784519895557516
L Wolvaardt,4208,4374.798090206552,5916,3718.578376675569,48.942162332443104
A Gardner,1175,840.9100147969862,1168,714.7735125774382,46.02264874225618
DJS Dottin,1679,1438.961206779611,2070,1223.1170257626693,45.58829742373307
RL Haynes,1966,1783.4820306175488,2485,1515.9597260249166,45.004027397508345
AC Kerr,1854,1764.0608475369952,2473,1499.451720406446,35.454827959355406
JI Rodrigues,1296,1125.0133228229327,1507,956.2613243994928,33.97386756005072
M Raj,2949,3078.8577069937014,4320,2617.0290509446463,33.197094905535366
NR Sciver-Brunt,923,717.6915531233565,948,610.037820154853,31.296217984514705
SR Taylor,2262,2338.389622902683,3354,1987.6311794672806,27.436882053271937
M du Preez,2223,2300.94282860524,3194,1955.8014043144537,26.719859568554625
KJ Martin,1161,1062.3014479708606,1536,902.9562307752315,25.804376922476855
CA Henry,758,592.7260552999049,871,503.8171470049192,25.418285299508078
A Hunter,977,863.7882851678064,1164,734.2200423926354,24.277995760736463
ML Green,1539,1526.2298026222286,2212,1297.2953322288943,24.170466777110573
RM Ghosh,800,658.3600185739141,852,559.606015787827,24.0393984212173
RH Priest,661,507.96153834864475,816,431.767307596348,22.923269240365197
NE Bolton,1443,1430.481638890871,2069,1215.9093930572403,22.70906069427597
ME Bouchier,482,313.3443990929933,466,266.3427392290443,21.56572607709557
TM McGrath,750,636.0976574690134,854,540.6830088486613,20.93169911513387
T Brits,1157,1118.8555126321112,1566,951.0271857372945,20.59728142627055
T Chetty,1414,1421.4543204062281,2064,1208.2361723452939,20.576382765470612
AJ Blackwell,953,886.1175078728108,1258,753.1998816918892,19.980011830811076
P Litchfield,895,820.7481510776945,1142,697.6359284160403,19.73640715839597
A Sutherland,765,669.9100589042699,848,569.4235500686294,19.557644993137057
Shafali Verma,644,528.700745641441,813,449.39563379522485,19.460436620477516
SIR Dunkley,855,788.6380772705736,1050,670.3423656799876,18.465763432001246
S Luus,2253,2447.2104495899143,3397,2080.128882151427,17.28711178485728
KH Brunt,813,755.8920767559396,1087,642.5082652425486,17.049173475745135
P Vastrakar,579,489.9701073174423,671,416.4745912198259,16.252540878017406
CM Edwards,1054,1053.7854606209269,1464,895.7176415277878,15.828235847221219
BM Halliday,870,844.9026330310047,1230,718.167238076354,15.183276192364598
EJ Villani,468,376.76681731340705,606,320.251794716396,14.774820528360403
FC Wilson,412,312.82631299331325,441,265.90236604431624,14.609763395568375
WK Dilhari,665,614.1914598308097,870,522.0627408561882,14.293725914381184
D van Niekerk,1238,1289.4480190294892,1751,1096.0308161750659,14.196918382493413
KE Bryce,594,533.4383826990055,679,453.42262529415467,14.057737470584533
O Prendergast,954,958.8375772862779,1305,815.0119406933362,13.898805930666379
EL Lamb,453,371.0471390460581,521,315.39006818914936,13.760993181085064
LMM Tahuhu,340,239.0910720095529,395,203.22741120811997,13.677258879188003
GH Lewis,1569,1688.8490998652649,2349,1435.521734885475,13.34782651145249
JL Jonassen,533,471.2975482492522,632,400.60291601186435,13.239708398813566
Nahida Khan,1121,1164.4337376902758,1760,989.7686770367344,13.12313229632656
JE Cameron,452,378.5907493139326,601,321.8021369168427,13.01978630831573
Pratika Rawal,638,599.7041933629442,751,509.74856435850256,12.825143564149744
YH Bhatia,666,633.6526520495801,953,538.604754242143,12.739524575785698
L Winfield,564,515.5303661781915,797,438.2008112514627,12.579918874853728
A Dercksen,399,322.14106518133826,413,273.8199054041375,12.51800945958625
DB Sharma,1916,2107.5445910415724,2914,1791.4129023853366,12.458709761466343
H Madavi,1065,1106.5424559807045,1542,940.5610875835988,12.44389124164012
Javeria Khan,1408,1511.0198024793976,2289,1284.3668321074879,12.363316789251211
JM Kerr,276,185.70681125803387,267,157.85078956932878,11.814921043067121
Nida Dar,1171,1242.8321479911942,1784,1056.4073257925152,11.459267420748484
KL Cross,270,183.93991084764028,391,156.34892422049424,11.365107577950576
CE Dean,364,308.55648720521117,551,262.2730141244295,10.17269858755705
Fatima Sana,587,572.5526262760087,805,486.6697323346074,10.033026766539262
V Krishnamurthy,410,368.7019543576216,475,313.39666120397834,9.660333879602167
ASS Fletcher,326,273.2134587500578,486,232.2314399375491,9.376856006245088
Q Joseph,414,376.85115975942506,529,320.3234857955113,9.367651420448869
Aliya Riaz,1406,1543.9685289803658,2160,1312.373249633311,9.362675036668907
S Ecclestone,372,327.69255112640815,537,278.53866845744693,9.346133154255307
G Wareham,234,166.76630199163128,215,141.7513566928866,9.224864330711341
NND de Silva,924,982.9897978624748,1355,835.5413281831036,8.845867181689641
N de Klerk,713,734.7625704917675,927,624.5481849180023,8.845181508199767
J Goswami,419,390.4729332683036,572,331.90199327805806,8.709800672194195
KT Perkins,618,626.618518035269,838,532.6257403299786,8.53742596700214
CMA Shillington,179,110.59215958426981,199,94.00333564662934,8.499666435337065
L Delany,1036,1125.228882860126,1493,956.4445504311071,7.955544956889287
AA Alleyne,509,508.0722068851061,798,431.8613758523402,7.713862414765981
A Shrubsole,199,145.14698687573974,258,123.37493884437878,7.5625061155621225
LE Kaushalya,407,392.65114129465036,589,333.7534701004528,7.324652989954723
G Voll,173,117.56577513110066,164,99.93090886143557,7.3069091138564435
A Rawat,153,94.8305639905989,188,80.60597939200906,7.239402060799094
A Lister,213,166.39518531848816,253,141.43590752071492,7.156409247928508
Bismah Maroof,1938,2196.3058131537387,3063,1866.8599411806779,7.114005881932212
H Deol,718,761.3526931718725,955,647.1497891960915,7.085021080390845
A Capsey,343,320.78841052935115,439,272.6701489499485,7.03298510500515
CS Mugeri-Tiripano,341,319.1713595829835,445,271.29565564553593,6.970434435446407
RMVD Gunaratne,567,585.7105064596834,838,497.8539304907309,6.914606950926912
Diana Baig,282,250.78989565701292,397,213.171411308461,6.882858869153901
C Brits,292,264.7725578367079,421,225.0566741612017,6.69433258387983
HNK Jensen,284,261.23001167719474,389,222.04550992561553,6.195449007438446
S Pandey,271,246.92665834294564,313,209.8876595915038,6.111234040849621
A Bosch,355,346.7943913955005,481,294.7752326861754,6.02247673138246
SS Weerakkody,328,316.19272616356125,521,268.76381723902705,5.9236182760972955
FG Kemp,111,63.039922733428966,96,53.58393432341462,5.741606567658538
R Rijke,238,212.93387055034592,339,180.99378996779402,5.700621003220599
GA Elwiss,244,220.4795105523628,331,187.40758396950838,5.659241603049162
M McColl,209,179.31453145567914,258,152.41735173732727,5.658264826267273
Umaima Sohail,686,742.2038652321413,1114,630.8732854473201,5.512671455267991
A Brindle,608,652.4895544684406,893,554.6161212981744,5.338387870182555
LS Greenway,732,798.52431260651,1112,678.7456657155335,5.325433428446649
JKC Claxton,89,43.93101266126186,76,37.34136076207258,5.165863923792742
A Minny,106,64.18543746521057,130,54.55762184542898,5.144237815457101
EA Osborne,151,117.96477173310947,184,100.27005597314304,5.072994402685696
S Meghana,114,75.54102466543755,111,64.20987096562192,4.979012903437808
B Bezuidenhout,266,254.51178183576297,370,216.33501456039852,4.966498543960148
A Ndiraya,428,447.5288543424084,624,380.39952619104713,4.760047380895287
A King,195,174.70606134753163,214,148.50015214540187,4.649984785459813
P Marange,125,92.89940017413761,153,78.96449014801696,4.603550985198304
L Jack,113,79.43428053165911,109,67.51913845191024,4.548086154808976
SM Benade,100,64.69370358687648,128,54.989648048845005,4.5010351951155
K Fraser,229,217.0768600662865,303,184.51533105634354,4.448466894365646
JM Fields,215,201.4579955819798,333,171.2392962446828,4.37607037553172
S Rana,195,178.01642563341198,236,151.31396178840018,4.368603821159982
N Chantam,630,690.1849347007225,918,586.6571944956141,4.334280550438587
AN Kelly,384,401.92740522306855,610,341.6382944396083,4.2361705560391725
L Goodall,878,983.8508464355775,1457,836.2732194702409,4.172678052975914
GWHM Perera,792,882.9350404876598,1337,750.4947844145108,4.150521558548917
SJ Coyte,154,133.83511331849283,233,113.7598463207189,4.02401536792811
S Nitschke,81,48.43646209565567,84,41.17099278130732,3.9829007218692682
HM Rowe,332,344.6128241624175,501,292.92090053805487,3.9079099461945135
D Hazell,109,82.43691933807878,140,70.07138143736697,3.8928618562633033
AM Peterson,167,151.02101229783574,211,128.36786045316038,3.8632139546839626
L Winfield-Hill,294,300.76188177963706,474,255.6475995126915,3.8352400487308502
IMHC Joyce,201,191.5195705627351,312,162.79163497832485,3.820836502167515
A Steyn,781,873.8889538585992,1278,742.8056107798093,3.8194389220190716
M Musonda,262,263.8422891004323,405,224.26594573536747,3.7734054264632535
J Glasgow,115,91.07250475951986,145,77.41162904559188,3.758837095440812
S Horley,276,281.3639387112558,356,239.15934790456743,3.6840652095432573
S MacMahon,108,84.81538111221614,125,72.09307394538372,3.5906926054616277
OU Ranasinghe,279,286.0034849625116,489,243.10296221813485,3.5897037781865153
HDJ Siegers,105,81.6651365190208,124,69.41536604116769,3.5584633958832312
SC Taylor,77,49.13497110349389,73,41.7647254379698,3.52352745620302
K Ramharack,137,121.34752492357653,308,103.14539618504004,3.385460381495996
EAJ Richardson,106,86.11809630478373,143,73.20038185906617,3.279961814093383
SJ Bryce,298,312.3886267647864,417,265.53033275006845,3.246966724993155
A Sharma,108,89.11669345870219,158,75.74918943989685,3.225081056010315
N Koncharoenkai,182,177.57195189991185,260,150.93615911492506,3.106384088507494
SM Mayers,162,154.3372717064021,241,131.1866809504418,3.08133190495582
LA Marsh,264,274.87943379299907,465,233.6475187240492,3.0352481275950796
GE Plimmer,396,431.0738703782028,588,366.41278982147236,2.9587210178527643
SS Connell,114,99.82295357275119,229,84.84951053683851,2.915048946316149
NJ Carey,136,127.51349618892037,145,108.38647176058231,2.761352823941769
PJ Scholfield,59,37.65446773488998,61,32.00629757465648,2.699370242534352
LC Sthalekar,119,108.36492351913064,191,92.11018499126104,2.688981500873896
R Slater,90,74.38161205446339,103,63.22437024629388,2.677562975370612
BAM Heath,59,38.37369818105174,61,32.61764345389398,2.6382356546106016
TS Hasabnis,140,134.0956378843674,184,113.98129220171228,2.601870779828772
TG Norris,59,39.36691189067484,58,33.46187510707362,2.553812489292638
LR Down,486,541.7449353299711,799,460.48319503047543,2.551680496952457
P Siaka,160,158.68598195895765,235,134.883084665114,2.511691533488599
NJ Browne,143,138.84112288012363,194,118.01495444810509,2.4985045551894913
EM Bermingham,94,81.19562549405755,107,69.01628166994892,2.4983718330051077
SA Campbelle,1337,1544.36846830536,2216,1312.713198059556,2.4286801940444094
HJ Armitage,78,63.23538303862649,95,53.750075582832515,2.4249924417167485
B de Leede,289,311.91224587679903,435,265.12540899527914,2.3874591004720855
AE Smith,45,25.27177705233788,30,21.481010494487197,2.35189895055128
SF Daley,141,138.41345243009093,240,117.65143456557729,2.334856543442271
CS Fraser,89,77.60278228742524,175,65.96236494431146,2.303763505568854
PA Chatterji,236,250.69703205927533,374,213.09247725038404,2.2907522749615965
NY McLean,231,245.85958801937633,362,208.98064981646988,2.201935018353012
E Claridge,79,67.41020321255712,103,57.29867273067355,2.170132726932645
S Sriharsha,200,210.13596700096886,295,178.61557195082352,2.1384428049176476
DEM Carter,225,240.21828436151344,336,204.18554170728643,2.081445829271357
Marufa Akter,60,46.39943953602485,99,39.43952360562112,2.056047639437888
PM Inglis,43,26.479825543144216,26,22.507851711672583,2.0492148288327416
R Dhar,53,38.36040943037836,53,32.60634801582161,2.039365198417839
D Dhingra,289,316.44699150743764,443,268.979942781322,2.0020057218678007
Muneeba Ali,1171,1354.4416314403472,1939,1151.2753867242952,1.972461327570477
NE Farrant,41,25.254688841782105,64,21.46648551551479,1.953351448448521
KADA Kanchana,230,247.74907028037802,417,210.5867097383213,1.9413290261678697
G Dempsey,122,120.82087547627765,190,102.697744154836,1.9302255845163998
BYA Mendis,147,150.28579701702972,252,127.74292746447526,1.9257072535524742
S Khiaoto,106,102.30127737439433,147,86.95608576823518,1.9043914231764816
HASD Siriwardene,679,776.5096324966735,1213,660.0331876221725,1.8966812377827522
SJ McGlashan,160,165.97801664819522,234,141.08131415096594,1.8918685849034063
M Terblanche,80,72.33684448599293,137,61.48631781309398,1.8513682186906018
K Thomson,52,39.40218235771113,69,33.491855004054464,1.8508144995945535
RP Yadav,57,45.52585800973558,75,38.69697930827524,1.830302069172476
MAA Sanjeewani,550,625.633519192377,904,531.7884913135205,1.8211508686479534
LK Ebsary,23,6.021003424404359,24,5.117852910743705,1.7882147089256293
SS Grimmond,48,35.57489375138028,60,30.238659688673238,1.7761340311326763
LR Doolan,49,37.00279617163116,59,31.452376745886486,1.7547623254113514
HM Tiffen,33,18.604637235525534,41,15.813941650196703,1.7186058349803297
MDT Kamini,353,395.1591501653817,556,335.88527764057443,1.7114722359425572
M Mani,54,43.54881087961816,60,37.01648924767544,1.6983510752324562
LM Kasperek,148,154.319230079057,276,131.17134556719844,1.6828654432801557
Tuba Hassan,49,37.8730431994738,59,32.19208671955273,1.6807913280447273
AL Hodgkinson,121,123.41025978554731,169,104.89872081771522,1.6101279182284784
A Aitken-Drummond,78,72.87360285141145,114,61.94256242369973,1.6057437576300273
RM Farrell,92,89.69091312134786,156,76.23727615314569,1.5762723846854314
DP Vaidya,132,136.7958124406485,207,116.27644057455122,1.5723559425448783
AI Chudasama,121,123.9170368090765,173,105.32948128771503,1.5670518712284973
Ritu Moni,443,502.77419062134584,718,427.35806202814393,1.5641937971856066
E Marx,53,43.96229565732952,80,37.36795130873009,1.5632048691269909
IR James,51,41.683917789040855,64,35.43133012068473,1.5568669879315273
T Bhatia,138,144.2716788423997,205,122.63092701603973,1.5369072983960266
BMSM Kumari,158,167.8934664032757,335,142.70944644278435,1.5290553557215645
HMD Rasangika,232,255.18852863900693,400,216.9102493431559,1.5089750656844103
Fahima Khatun,305,341.16273906922277,486,289.98832820883933,1.5011671791160666
MK Villiers,32,20.061377425176044,32,17.052170811399638,1.4947829188600363
HL Colvin,29,16.686946310375877,29,14.183904363819495,1.4816095636180504
N Gwanzura,74,70.2732160728839,108,59.73223366195131,1.4267766338048689
C Sutthiruang,155,165.68411795359233,250,140.83150026055347,1.4168499739446532
R MacDonald-Gay,17,3.7723224819194128,14,3.206474109631501,1.3793525890368499
S Glenn,65,60.85736098000985,81,51.72875683300837,1.327124316699163
MJ Bulow,50,43.45414474425131,74,36.93602303261361,1.3063976967386388
Panna Ghosh,85,84.69986065239281,207,71.99488155453389,1.300511844546611
FL Mackay,125,131.8641087039813,196,112.08449239838409,1.2915507601615914
AS Tanke,41,33.05596519272223,89,28.097570413813898,1.2902429586186102
HR Huddleston,57,52.35771249291734,125,44.504055618979734,1.2495944381020265
J Nkomo,354,401.8840464920052,553,341.6014395182044,1.2398560481795584
N Chaiwai,316,357.30402659272346,515,303.70842260381494,1.2291577396185063
VR Vanitha,50,44.433110247933094,64,37.76814371074313,1.2231856289256868
SP de Alwis,28,19.142161918903312,53,16.270837631067813,1.1729162368932187
CS Terblanche,38,30.963464243871144,65,26.318944607290472,1.1681055392709527
T Granger,38,31.109354622855516,58,26.44295142942719,1.155704857057281
Sultana Khatun,40,33.46907570573501,90,28.448714349874756,1.1551285650125245
RA Mair,33,25.295278812756283,50,21.50098699084284,1.149901300915716
N Shangase,158,172.37086401293337,244,146.51523441099337,1.1484765589006627
SL Quintyne,117,124.51737916500508,204,105.83977229025432,1.1160227709745683
Iram Javed,216,241.03637779809407,380,204.88092112837995,1.1119078871620047
N Mlaba,51,47.17828916272118,82,40.101545788313004,1.0898454211686996
N Sibanda,89,92.1043287852295,210,78.28867946744508,1.0711320532554922
Batool Fatima,64,62.88537644233721,105,53.45256997598663,1.0547430024013373
APC Kilowan,21,12.542749498336963,17,10.661337073586418,1.0338662926413582
S Jimmy,118,127.00226677092814,198,107.95192675528892,1.0048073244711078
E Bisht,73,74.06218151137908,125,62.95285428467221,1.0047145715327788
AK Maguire,22,14.094551121772454,35,11.980368453506586,1.0019631546493415
B Cooper,339,387.0552294555223,581,328.99694503719394,1.0003054962806062
S Molineux,64,64.18641578278718,77,54.5584534153691,0.9441546584630899
SE Aley,15,6.556403011909117,8,5.572942560122749,0.9427057439877251
KV Jain,104,111.49107709744192,219,94.76741553282562,0.9232584467174376
Ayesha Naseem,33,28.05908120685989,40,23.850219025830906,0.9149780974169094
MJG Nielsen,25,18.704344392647144,47,15.898692733750073,0.9101307266249927
R Kanoh,100,107.0008845135645,149,90.95075183652982,0.9049248163470182
L Tshuma,200,224.9264358264449,322,191.18747045247815,0.8812529547521848
SDNS Karunaratne,17,9.82191339325847,14,8.348626384269698,0.8651373615730302
SZ Thakor,46,43.97100810411836,102,37.375356888500605,0.8624643111499395
R Malhotra,118,128.75054510299879,185,109.43796333754896,0.8562036662451036
JL Gunn,322,368.8862888387298,534,313.5533455129203,0.8446654487079683
SJ Tsukigawa,39,36.0538862829991,70,30.645803340549236,0.8354196659450764
A Zimunu,28,23.12455446994276,34,19.655871299451345,0.8344128700548655
A Hlubi,13,5.719117905254911,22,4.861250219466674,0.8138749780533325
F Chipare,20,14.132925444601918,44,12.01298662791163,0.798701337208837
G Bloemen,28,23.55674839351501,42,20.02323613448776,0.797676386551224
L Filer,24,18.942378933042626,43,16.101022093086232,0.7898977906913768
PG Raut,1436,1680.1224738484336,2350,1428.1041027711685,0.7895897228831472
M Daniels,34,30.73759974206051,70,26.126959780751434,0.7873040219248566
SRH Curtis,156,174.29595513927924,234,148.15156186838735,0.7848438131612653
BA Langston,21,15.69497173456975,22,13.340725974384286,0.7659274025615714
KS Gautam,22,17.17166399499486,17,14.595914395745629,0.7404085604254371
KM Beams,27,23.19189332816442,44,19.713109328939755,0.7286890671060245
Sana Javed,68,71.59019813573978,136,60.85166841537881,0.7148331584621189
PM Weerakkody,638,742.4081789537101,1172,631.0469521106536,0.6953047889346408
FA Sargent,36,34.18037549573957,78,29.053319171378632,0.6946680828621368
EN Lynch,115,127.19344809102604,229,108.11443087737213,0.688556912262787
L Paul,1113,1301.4975865684141,1745,1106.272948583152,0.6727051416848099
CP Jack,17,12.162412770438715,26,10.338050854872908,0.6661949145127093
SJ Andrews,16,11.006579106717393,36,9.355592240709784,0.6644407759290216
IECM Wong,15,10.133454774263736,9,8.613436558124176,0.6386563441875823
MS Kashyap,8,1.9947009652371022,15,1.695495820451537,0.6304504179548462
D Tucker,64,67.96084115904083,88,57.7667149851847,0.6233285014815302
GP Tom,19,15.166615694529325,34,12.891623340349925,0.6108376659650074
A Tector,39,38.831279765801874,63,33.00658780093159,0.5993412199068409
M Smit,47,48.36637269807435,70,41.1114167933632,0.5888583206636803
Ayesha Zafar,407,472.0991312855223,764,401.28426159269395,0.5715738407306048
DM Kimmince,37,36.95675440097846,52,31.41324124083169,0.5586758759168309
JM Watkin,24,21.729720494919572,40,18.470262420681635,0.5529737579318365
Sumaiya Siddiqi,27,25.43776540383245,32,21.62210059325758,0.5377899406742419
Ayasha Rahman,122,137.2159136522617,209,116.63352660442243,0.5366473395577571
D Vihanga,21,18.607214796003227,26,15.816132576602742,0.5183867423397258
J Sharma,17,14.037754150112521,33,11.932091027595643,0.5067908972404357
S Siegers,11,7.028253064820592,19,5.974015105097503,0.5025984894902498
L Cheatle,13,9.64327033053415,13,8.196779780954028,0.4803220219045972
C de Lange,103,115.61092726361134,226,98.26928817406964,0.47307118259303566
S Loubser,43,45.42454110538548,75,38.61085993957766,0.4389140060422342
L Little,24,23.222309859676535,35,19.738963380725053,0.42610366192749466
CC Dalton,18,16.25889940882434,27,13.82006449750069,0.417993550249931
SA Millanta,15,12.91839950850166,19,10.98063958222641,0.4019360417773591
Dilara Akter,21,20.023000140462372,33,17.019550119393017,0.3980449880606983
Meghna Singh,33,34.145225286930604,51,29.023441493891013,0.39765585061089864
Shaila Sharmin,59,64.79288641168144,98,55.07395344992922,0.392604655007078
LDVV Silva,34,35.45401416933999,76,30.13591204393899,0.386408795606101
K Kavindi,17,15.510775762643428,37,13.184159398246914,0.3815840601753086
CMG Atkins,117,133.17803352135468,211,113.20132849315148,0.3798671506848521
NK Crafton,13,10.949836624800275,17,9.307361131080233,0.3692638868919767
S Asha,8,5.201405792384482,5,4.4211949235268095,0.35788050764731905
JW Ogle-Thomas,10,7.684195391500933,17,6.531566082775793,0.3468433917224207
S Jafta,198,228.97887950584345,353,194.63204757996692,0.33679524200330774
E Mbofana,22,22.1693554323691,56,18.843952117513734,0.31560478824862664
LK O'Reilly,12,10.445113585248357,21,8.878346547461103,0.3121653452538897
N Shree Charani,6,3.3897267167672,3,2.88126770925212,0.311873229074788
IC Gaze,219,254.05390190291288,348,215.94581661747594,0.3054183382524059
EC Perry,21,21.182281898757353,28,18.004939613943748,0.29950603860562525
HDRS Silva,25,25.89902867861207,46,22.014174376820257,0.29858256231797425
HL Baker,3,0.07644571622543017,3,0.06497885879161565,0.29350211412083843
CR Seneviratna,133,153.308729338594,277,130.3124199378049,0.268758006219511
D Lohia,11,9.820931005108767,26,8.347791354342451,0.2652208645657549
TD Smartt,40,44.05533693480314,65,37.44703639458267,0.2552963605417332
OV Anderson,46,51.12304798315091,97,43.45459078567827,0.25454092143217294
JB Nero,31,33.49727483823904,56,28.472683612503186,0.2527316387496814
A Canning,92,105.4351299743724,169,89.61986047821654,0.23801395217834626
KE Ebrahim,52,58.50269139581476,95,49.727287686442544,0.2272712313557456
NJ Coffey,8,6.77149792156395,20,5.755773233329357,0.22442267666706428
HJ Thomas,59,66.93492009579822,122,56.894682081428485,0.2105317918571515
Rameen Shamim,34,37.584105915700064,51,31.946490028345053,0.20535099716549468
O Kamchomphu,48,54.075180012154036,93,45.96390301033093,0.2036096989669069
JL Hunter,16,16.439719747432754,35,13.97376178531784,0.20262382146821595
G Sultana,61,69.44716798989845,165,59.03009279141368,0.19699072085863206
AN Davidson-Richards,63,71.80039552689848,84,61.03033619786371,0.19696638021362886
SR Patil,7,5.960873609709961,12,5.066742568253467,0.1933257431746533
S Sharma,4,2.566039358622942,10,2.1811334548295007,0.18188665451704994
RS Vandort,10,9.64170954665962,17,8.195453114660676,0.18045468853393237
HHC Gunaratne,13,13.39211492146905,20,11.383297683248692,0.16167023167513078
J Maguire,74,85.16221724323637,120,72.38788465675091,0.1612115343249087
MEMO Scott-Hayward,11,11.045598315334907,23,9.388758568034671,0.1611241431965329
A Suwanchonrathi,3,1.7468720274905802,4,1.4848412233669932,0.15151587766330069
CJ Metcalfe,21,22.992798614075415,54,19.543878821964103,0.14561211780358968
KJ Garth,173,202.051735028121,347,171.74397477390283,0.12560252260971652
O Kirsten,22,24.438909085006,54,20.773072722255097,0.12269272777449025
NA Moodley,5,4.455900651646386,10,3.7875155538994285,0.12124844461005715
AD Janakanthymala,1,-0.23106709132840086,15,-0.19640702762914072,0.11964070276291408
Sadia Iqbal,32,36.25179611063428,61,30.81402669403914,0.11859733059608608
Nishita Akter Nishi,2,0.9846335732763007,1,0.8369385372848556,0.11630614627151444
BM Anusha,2,1.0764503733895332,6,0.9149828173811032,0.10850171826188967
L Egging,1,-0.045177096357530866,15,-0.03840053190390123,0.10384005319039011
EL Arlott,7,7.2389349404364385,5,6.153094699370973,0.0846905300629027
AB Kaur,78,90.79047752659902,128,77.17190589760916,0.08280941023908354
JC Hartenhof,1,0.2539445608350381,2,0.21585287670978237,0.07841471232902177
ML Schutt,82,95.68341521057357,162,81.33090292898753,0.0669097071012473
K Chigora,1,0.40445250162421564,1,0.34378462638058327,0.06562153736194168
Sania Khan,4,3.9359163394387218,12,3.3455288885229133,0.06544711114770867
Kaynat Hafeez,4,4.008151636743106,6,3.40692889123164,0.059307110876835975
S Chaturongrattana,13,14.674215983780163,36,12.47308358621314,0.05269164137868607
LK Bell,27,31.166735859527464,57,26.491725480598344,0.0508274519401656
G Kodali,66,77.07334324750148,118,65.51234176037626,0.0487658239623741
SR Thadani,6,6.492519331223285,13,5.518641431539792,0.0481358568460208
Rabiya Shah,80,93.57659383131181,127,79.54010475661504,0.045989524338496325
RJ Rolls,2,1.8364823072651844,4,1.5610099611754067,0.043899003882459334
K Frank,70,81.91486840681624,130,69.6276381457938,0.03723618542062042
C Prathyusha,2,1.9781813113120292,3,1.6814541146152249,0.031854588538477516
I van der Woning,13,15.014401019172439,35,12.762240866296573,0.02377591337034275
M Madara,2,2.118395035564413,4,1.8006357802297512,0.019936421977024877
T Makusha,1,0.9423044678074354,2,0.80095879763632,0.019904120236367995
JL Aras,5,5.704332684866061,6,4.848682782136152,0.015131721786384843
Maahi Madhavan,1,1.028810417004793,2,0.874488854454074,0.012551114554592601
D Brown,4,4.560910847972316,10,3.876774220776469,0.012322577922353117
PWDM Badalge,11,12.842459034371833,20,10.916090179216058,0.008390982078394237
C Raack,1,1.180141613095019,1,1.0031203711307661,-0.0003120371130766131
Sabahat Rasheed,2,2.3713996919487146,3,2.015689738156407,-0.0015689738156407173
AJ Kenealy,39,45.97054492531051,95,39.07496318651393,-0.0074963186513933525
Tharika Sewwandi,1,1.2957829185663505,3,1.1014154807813978,-0.010141548078139783
SJ Elliott,8,9.55200741084836,16,8.119206299221105,-0.011920629922110492
AH Thomson,16,19.03553637522081,37,16.180205918937688,-0.018020591893768766
RH Candy,10,12.0042463826063,13,10.203609425215355,-0.020360942521535464
SEA Ruck,7,8.47787379394839,13,7.206192724856131,-0.020619272485613127
HRA Rainey,22,26.12649430445086,51,22.20752015878323,-0.020752015878322892
Nain Abidi,521,613.2126137051615,955,521.2307216493873,-0.023072164938730565
Syeda Aroob Shah,0,0.3322305970220856,1,0.2823960074687728,-0.02823960074687728
AL Watkins,0,0.3676132296501545,1,0.31247124520263136,-0.031247124520263136
RL Grundy,1,1.651147968265634,6,1.403475773025789,-0.040347577302578895
JA Whelan,0,0.6314284910886904,2,0.5367142174253868,-0.05367142174253868
H Graham,4,5.354775032366726,5,4.551558777511717,-0.05515587775117172
KL George,9,11.264261089071578,19,9.574621925710842,-0.05746219257108418
A Das,1,1.8966223267087852,11,1.6121289777024674,-0.061212897770246744
HM Watson,15,18.36750417210832,26,15.61237854629207,-0.06123785462920708
Sultana Yesmin,0,0.7837307199629322,1,0.6661711119684923,-0.06661711119684924
A le Breton,3,4.335780692301022,6,3.685413588455868,-0.0685413588455868
VCE Wattenberg,0,0.835096732480505,3,0.7098322226084293,-0.07098322226084293
Nanthita Boonsukham,0,0.8772102321624569,4,0.7456286973380883,-0.07456286973380884
RMAU Grimmond,73,86.77712126241879,113,73.76055307305597,-0.07605530730559736
J Logtenberg,6,8.051425360331967,15,6.843711556282171,-0.08437115562821713
HL Ferling,9,11.633645345741796,23,9.888598543880526,-0.08885985438805263
A Beggs,0,1.080371287557425,2,0.9183155944238112,-0.09183155944238111
Suraiya Azmin,0,1.1182390189529925,2,0.9505031661100436,-0.09505031661100435
JC Carroll,0,1.1249123602160063,7,0.9561755061836053,-0.09561755061836053
Melanie Ani,0,1.2095944105833385,2,1.0281552489958377,-0.10281552489958376
F Tunnicliffe,15,18.869410620679638,21,16.03899902757769,-0.10389990275776917
LE Milliken,1,2.4232577274768805,3,2.0597690683553482,-0.10597690683553482
N Niranjana,24,29.508893045499295,60,25.0825590886744,-0.1082559088674401
M Kornet,0,1.2802202480198304,9,1.0881872108168558,-0.10881872108168558
EJ Tice,2,3.724074414590627,12,3.165463252402033,-0.1165463252402033
S Lackay,0,1.4003190596457415,2,1.1902712006988803,-0.11902712006988803
RA Rolfe,0,1.4181879596411684,3,1.205459765694993,-0.12054597656949931
Shathira Jakir,0,1.4746470019417726,2,1.2534499516505067,-0.12534499516505065
U Thimashini,2,3.850671964096893,6,3.273071169482359,-0.1273071169482359
HE Whelan,2,3.853274017054515,16,3.2752829144963376,-0.12752829144963376
Aiman Anwer,15,19.181486475101604,20,16.304263503836363,-0.13042635038363634
RM van Oosterom,15,19.285997156597983,38,16.393097583108286,-0.13930975831082862
G Fontenla,1,2.8362127542781406,3,2.4107808411364195,-0.14107808411364195
SK Naidu,0,1.6953354407881287,3,1.4410351246699094,-0.14410351246699094
M Shehani,11,14.680589342251594,19,12.478500940913854,-0.1478500940913854
HWA Landheer,23,28.810141888944155,72,24.48862060560253,-0.14886206056025308
U Raymond-Hoey,74,88.92204285474149,124,75.58373642653027,-0.15837364265302653
S Naidu,0,1.9125806574268833,2,1.6256935588128507,-0.16256935588128507
FR Davies,13,17.30132772702032,42,14.70612856796727,-0.17061285679672694
M Mavunga,3,5.546208296068354,15,4.714277051658101,-0.1714277051658101
V Buruka,0,2.0180218547391737,8,1.7153185765282977,-0.17153185765282977
SG Satghare,2,4.456300226871603,3,3.7878551928408624,-0.17878551928408623
Khadija Tul Kubra,24,30.352388728044456,69,25.799530418837787,-0.17995304188377864
Sumaiya Akter,0,2.1527014935718727,4,1.8297962695360916,-0.18297962695360917
LN McCarthy,12,16.314824037543957,46,13.867600431912363,-0.18676004319123632
Z Mali,2,4.639437347873539,7,3.943521745692508,-0.19435217456925077
SA Fritz,28,35.31224603356109,52,30.015409128526922,-0.20154091285269224
KL Rolton,2,4.865280538518999,12,4.1354884577411495,-0.21354884577411495
DM Braat,6,9.57268591668775,31,8.136783029184587,-0.21367830291845866
MF Fahey,0,2.5342072111569505,7,2.154076129483408,-0.2154076129483408
T Ruma,232,275.47706506609535,368,234.15550530618103,-0.2155505306181027
M Joshi,20,26.0701136576547,32,22.159596609006496,-0.21595966090064955
RP Singh,38,47.280590273186355,77,40.1885017322084,-0.2188501732208401
D Joseph,0,2.639242996151837,5,2.2433565467290615,-0.22433565467290614
HAM Samuddika,67,81.47352378035293,128,69.2524952133,-0.22524952132999942
APS Lakshika,0,2.6754974729546728,4,2.2741728520114717,-0.22741728520114718
GA Guy,0,2.6897426845175376,4,2.2862812818399068,-0.22862812818399067
K Goud,0,2.708517105831364,2,2.3022395399566595,-0.23022395399566595
A Munisar,4,7.444000251280801,24,6.32740021358868,-0.232740021358868
A Reddy,30,38.0328638868583,54,32.32793430382956,-0.2327934303829558
A Mazvishaya,54,66.37298193413599,121,56.417034644015594,-0.24170346440155938
C Murray,88,106.37870730193423,183,90.4219012066441,-0.2421901206644094
O Bell,32,40.58274487610824,77,34.495333144692,-0.24953331446919974
LC Boylan,31,39.41689202005916,47,33.50435821705028,-0.25043582170502815
KA Blackwell,3,6.477818380631666,11,5.5061456235369155,-0.25061456235369156
Y Fourie,1,4.156677091490689,8,3.5331755277670855,-0.25331755277670853
Y van der Westhuizen,23,30.123470496464236,39,25.6049499219946,-0.26049499219945993
L Shetty,8,12.49499749603841,28,10.620747871632648,-0.2620747871632648
RA Lewis,2,5.510708775608915,13,4.684102459267578,-0.2684102459267578
AA Deshpande,32,40.87351154468252,69,34.742484812980145,-0.2742484812980145
S Immadi,4,8.029639773174623,13,6.825193807198429,-0.28251938071984284
Anjum Chopra,0,3.357410998793664,8,2.8537993489746145,-0.28537993489746144
Salma Khatun,232,276.30315486119645,460,234.85768163201698,-0.2857681632016977
PY Lavine,8,12.850421961606061,26,10.922858667365151,-0.29228586673651513
L Mabhero,1,4.660974337289014,9,3.9618281866956617,-0.2961828186695662
Renuka Singh,16,22.351066663008822,41,18.9984066635575,-0.29984066635574996
Umm-e-Hani,40,50.612669748258064,77,43.02076928601935,-0.3020769286019352
S Nisansala,20,27.159040847947242,30,23.085184720755155,-0.3085184720755155
MT Herbert,1,4.823894426287469,22,4.100310262344348,-0.31003102623443485
S Laomi,74,90.75592746333722,147,77.14253834383663,-0.3142538343836634
S Naik,25,33.18716981108533,39,28.20909433942253,-0.32090943394225313
HML Madushani,3,7.524491370345762,15,6.395817664793898,-0.3395817664793898
Javeria Rauf,11,16.976496293343747,16,14.430021849342184,-0.3430021849342184
J Pashley,2,6.423529809092032,17,5.460000337728227,-0.3460000337728227
SI Galagedara,0,4.186771191371616,11,3.5587555126658734,-0.3558755512665873
JM Willathgamuwa,20,27.789219628954125,52,23.620836684611007,-0.3620836684611007
J Gray,62,77.22313397215473,113,65.63966387633151,-0.3639663876331511
I Toua,41,52.56966787345157,100,44.68421769243383,-0.3684217692433833
R Ntozakhe,8,14.011362032970073,30,11.909657728024563,-0.39096577280245626
KE Broadmore,9,15.267188686542942,34,12.9771103835615,-0.39771103835615007
GM Harris,13,19.998821760188132,22,16.998998496159913,-0.39989984961599134
EJ Carson,3,8.410744326171407,12,7.149132677245696,-0.4149132677245696
CM Beggs,1,6.272686650926561,16,5.331783653287577,-0.43317836532875764
LJ Poulton,25,34.52997653890321,69,29.35048005806773,-0.4350480058067731
L Maritz,31,41.61179386969076,62,35.37002478923714,-0.43700247892371424
A Dalzell,35,46.6243813778099,71,39.63072417113841,-0.46307241711384106
LM Hoitink,0,5.559733107239273,17,4.725773141153382,-0.47257731411533815
AK Peters,6,12.738795113012944,29,10.827975846061003,-0.4827975846061003
TR Sadhu,9,16.269809959299995,26,13.829338465404994,-0.4829338465404994
AH Maqsood,20,29.671993262281394,50,25.221194272939183,-0.5221194272939182
Pooja Ganesh,49,63.97062933610193,93,54.375034935686635,-0.5375034935686636
M Patwardhan,1,7.581503801893899,13,6.444278231609815,-0.5444278231609815
Ghulam Fatima,11,19.355977352309157,26,16.452580749462783,-0.5452580749462783
A Hartley,4,11.284221753756837,28,9.591588490693312,-0.5591588490693311
SACA King,126,154.8358338397572,233,131.61045876379362,-0.5610458763793617
D Hemalatha,97,121.20778750540359,171,103.02661937959304,-0.6026619379593043
C Prasad,6,14.248422668969567,24,12.111159268624132,-0.6111159268624131
B Leephatthana,30,42.535521583535086,66,36.15519334600482,-0.6155193346004821
P Mujaji,86,108.62346738390464,166,92.32994727631895,-0.6329947276318947
CE Coulter Reilly,166,202.80911216749598,260,172.38774534237157,-0.6387745342371574
D Prins,7,15.790618067372293,40,13.422025357266449,-0.6422025357266449
Shamima Sultana,304,365.2703636550447,540,310.479809106788,-0.6479809106788025
Gull Feroza,8,17.042219139283134,28,14.485886268390663,-0.6485886268390664
P Maya,114,142.00995824145602,214,120.70846450523761,-0.6708464505237615
O Chare,3,11.544863931384857,18,9.813134341677127,-0.6813134341677127
D Devnarain,145,178.78328372265923,302,151.96579116426034,-0.6965791164260338
L Rajadurai,20,31.820594268817356,53,27.047505128494752,-0.7047505128494752
RS Gayakwad,15,25.970210354153117,48,22.07467880103015,-0.707467880103015
CH van Koolwijk,25,37.99730634098653,66,32.29771038983855,-0.729771038983855
A Wellington,6,15.678036852567828,17,13.326331324682654,-0.7326331324682653
M Nanayakkara,14,25.101122659983396,34,21.335954260985886,-0.7335954260985886
Qanita Jalil,32,46.33224336029499,64,39.38240685625074,-0.738240685625074
F Walters,16,27.669096056873375,48,23.518731648342367,-0.7518731648342367
K Schultz,0,8.854473641904477,19,7.526302595618805,-0.7526302595618806
Urooj Mumtaz,35,50.22988548796393,99,42.69540266476934,-0.769540266476934
Priya Mishra,6,16.266610137746127,31,13.826618617084208,-0.7826618617084208
IM Vaghela,45,62.2789672658681,91,52.93712217598788,-0.7937122175987881
CR Pagydyala,206,251.80917195135606,307,214.03779615865264,-0.8037796158652639
Fariha Trisna,0,9.54601967902078,14,8.114116727167662,-0.8114116727167662
PN Sproul,28,42.51934865808753,66,36.1414463593744,-0.8141446359374399
MM Penfold,12,23.870053841103402,52,20.28954576493789,-0.8289545764937891
Maham Tariq,3,13.305012020746084,38,11.30926021763417,-0.830926021763417
AGC Vimukthi,7,18.017480149979015,28,15.314858127482163,-0.8314858127482163
Nuzhat Tasnia,16,28.639254757343835,43,24.34336654374226,-0.834336654374226
Jahanara Alam,80,104.05466133492386,227,88.44646213468528,-0.8446462134685276
MM Letsoalo,17,30.113313249745694,55,25.59631626228384,-0.8596316262283838
B Biza,189,232.55048852730337,321,197.66791524820786,-0.8667915248207863
S Verma,135,169.05238329940497,217,143.69452580449422,-0.869452580449422
Rabeya Khan,71,94.23445148607028,151,80.09928376315975,-0.9099283763159747
EMA McLeod,10,22.508205035542296,29,19.13197428021095,-0.913197428021095
FC Jonas,14,27.34533270029514,57,23.243532795250868,-0.9243532795250868
K Ndlovu,168,208.66372369924787,292,177.36416514436067,-0.9364165144360669
MC Patel,13,26.662504850563632,35,22.663129122979086,-0.9663129122979086
Natalia Pervaiz,95,123.7426637512247,155,105.181264188541,-1.0181264188540993
Shawaal Zulfiqar,15,29.735808624948397,45,25.27543733120614,-1.0275437331206139
R Stokell,247,302.6863876831875,421,257.2834295307094,-1.0283429530709385
C Chatonzwa,39,58.222336853663265,113,49.48898632561377,-1.0488986325613774
A Khaka,128,163.54367849130193,264,139.01212671760663,-1.1012126717606634
SC Selman,136,172.9677132110756,317,147.02255622941425,-1.1022556229414249
Najiha Alvi,170,213.05870197278068,271,181.09989667686358,-1.1099896676863579
M Faisal,30,49.335980395666866,73,41.93558333631683,-1.193558333631683
K Meso,16,32.874118798384224,45,27.94300097862659,-1.194300097862659
J van Vliet,35,55.25909655428508,84,46.97023207114232,-1.197023207114232
Jannatul Ferdus,30,49.476835169341584,77,42.05530989394035,-1.2055309893940347
C Abel,18,35.509917550698304,59,30.18342991809356,-1.2183429918093558
R Pasipanodya,24,42.57902696864183,72,36.19217292334555,-1.2192172923345552
SIP Fernando,15,32.13133311620587,60,27.31163314877499,-1.2311633148774992
P Roy,5,20.450288170457668,34,17.382744944889016,-1.2382744944889015
M Klaas,109,142.80834899072704,275,121.38709664211798,-1.238709664211798
MEC de Fouw,11,27.665382951868224,85,23.51557550908799,-1.251557550908799
MR Aguilleira,323,394.7438588382238,598,335.5322800124902,-1.2532280012490218
Ishma Tanjim,24,43.651368416642676,65,37.103663154146275,-1.3103663154146274
M De Ridder,45,68.57220313339717,74,58.28637266338759,-1.328637266338759
NM Sheikh,10,27.80780857240794,34,23.636637286546748,-1.3636637286546747
J Post,15,33.79509711718936,52,28.725832549610953,-1.3725832549610952
B Tau,123,160.94275868871225,235,136.8013448854054,-1.38013448854054
Tasqeen Qadeer,48,73.17238023277554,144,62.19652319785921,-1.4196523197859208
MF Kendal,30,52.20822034976648,87,44.376987297301504,-1.4376987297301504
Asmavia Iqbal,225,281.6773014361013,430,239.4257062206861,-1.4425706220686094
Anam Amin,28,50.02757364313643,105,42.523437596665964,-1.4523437596665965
M Mangru,31,53.70537994834899,76,45.64957295609664,-1.4649572956096641
R Boyce,30,52.58493148432262,100,44.697191761674226,-1.4697191761674226
Sidra Nawaz,377,460.985888022345,752,391.8380048189933,-1.4838004818993284
I Dulani,26,48.05770413218855,77,40.84904851236026,-1.4849048512360263
PJ te Beest,3,21.184097982508032,53,18.006483285131825,-1.5006483285131824
HIS Mendis,13,33.26973531012745,50,28.279275013608334,-1.5279275013608333
GC Bhogle,82,114.48154728132634,166,97.30931518912739,-1.5309315189127388
TMM Newton,38,62.8591344116533,79,53.430264249905306,-1.5430264249905306
I Ranaweera,179,228.91868786544143,472,194.58088468562522,-1.5580884685625223
TS Sekhukhune,24,47.187094196466155,85,40.10903006699623,-1.6109030066996233
CN Nation,831,996.7327410947272,1526,847.2228299305181,-1.622282993051806
F Overdijk,224,283.0841662543418,471,240.62154131619053,-1.6621541316190531
HW Rambaldo,19,42.03977642746385,97,35.73380996334427,-1.673380996334427
MR Meshram,322,398.53754334562785,571,338.75691184378366,-1.6756911843783655
WGAKK Kulasuriya,82,116.32911713142754,195,98.87974956171341,-1.687974956171341
SM Kavanagh,126,168.58611386689518,239,143.2981967868609,-1.72981967868609
SK Dolawatte,16,39.308475670733195,56,33.412204320123216,-1.7412204320123217
Kainat Imtiaz,115,157.83283742795518,264,134.1579118137619,-1.9157911813761899
S Forbes,272,342.601270234743,488,291.2110796995316,-1.9211079699531581
Shorna Akter,155,205.0030276973567,258,174.2525735427532,-1.9252573542753197
Sajjida Shah,77,114.65999595465102,172,97.46099656145337,-2.046099656145337
L Phiri,54,88.24732210640869,145,75.01022379044738,-2.101022379044738
Marina Iqbal,137,188.73986979138877,312,160.42888932268045,-2.342888932268045
V Araa,71,111.12801147949219,179,94.45880975756836,-2.345880975756836
Sadia Yousuf,10,39.44731670479449,98,33.53021919907531,-2.353021919907531
S Gajnabi,147,202.24245966044433,319,171.90609071137766,-2.490609071137766
A Kolan,155,212.3820176252314,297,180.5247149814467,-2.5524714981446692
A Mohammed,232,303.732962031893,568,258.173017727109,-2.6173017727109027
N Boochatham,165,226.14067710466114,332,192.21957553896195,-2.721957553896195
EL Watson,50,91.28249866068862,125,77.59012386158533,-2.7590123861585325
Poonam Yadav,53,96.30298300565335,140,81.85753555480534,-2.885753555480534
Sanjida Islam,93,145.76740316603443,226,123.90229269112926,-3.090229269112926
NC Dodd,145,207.70544118482206,299,176.54962500709874,-3.154962500709874
M Mupachikwa,415,526.055454053006,743,447.1471359450551,-3.2147135945055085
IJR Zwilling,145,208.41698758562976,351,177.15443944778528,-3.215443944778528
Sharmin Sultana,67,116.73132407293075,198,99.22162546199114,-3.222162546199114
MADD Surangika,642,794.264034213557,1210,675.1244290815234,-3.312442908152343
SL Kalis,106,164.5463283430929,240,139.86437909162896,-3.386437909162896
CNIM Joyce,228,308.77759966137523,493,262.4609597121689,-3.4460959712168915
S Ismail,273,362.14173041456365,551,307.8204708523791,-3.4820470852379115
Kycia A Knight,699,864.1967414415644,1350,734.5672302253297,-3.5567230225329696
Sidra Ameen,1820,2183.3549266920977,2919,1855.851687688283,-3.585168768828294
PS Punia,273,364.03109214753573,503,309.42642832540537,-3.642642832540537
Sadaf Shamas,262,351.3934732756708,496,298.6844522843202,-3.6684452284320175
Lata Mondal,170,246.9543599678625,349,209.91120597268312,-3.991120597268312
S Tippoch,89,151.75882936991079,226,128.99500496442417,-3.999500496442417
Rachel Delaney,78,139.00364668736364,187,118.15309968425909,-4.015309968425909
Murshida Khatun,429,552.9043800348774,780,469.96872302964573,-4.096872302964573
Sharmin Akhter,909,1117.6913617637322,1532,950.0376574991723,-4.103765749917227
P Molkenboer,135,207.9410297212743,279,176.74987526308314,-4.174987526308314
AS van Beuge,68,131.069245181351,196,111.40885840414835,-4.340885840414835
T Putthawong,77,143.33764031097542,231,121.8369942643291,-4.483699426432911
H Karunaratne,194,281.2070539619054,437,239.02599586761957,-4.502599586761957
S Mostary,246,342.83465881301134,425,291.40945999105963,-4.540945999105963
KDU Prabodhani,126,201.66423225973193,353,171.41459742077214,-4.541459742077214
Rumana Ahmed,346,462.26423351082497,683,392.9245984842012,-4.692459848420123
MDN Hansika,357,475.71384021979316,748,404.3567641868242,-4.735676418682419
CT Dhururu,143,228.14534496484782,331,193.92354322012065,-5.092354322012065
Nahida Akter,185,279.40942488918176,440,237.4980111558045,-5.249801115580451
MV Waldron,290,409.1052211885541,639,347.739438010271,-5.773943801027099
N Vare,138,230.83814550265114,323,196.21242367725347,-5.821242367725347
Kyshona A Knight,597,782.6535954678367,1244,665.2555561476612,-6.825555614766119
Z James,228,349.45166616048937,515,297.03391623641596,-6.903391623641596
Nashra Sandhu,98,197.57536661389707,339,167.9390616218125,-6.99390616218125
Sana Mir,714,941.4811859399999,1380,800.2590080489999,-8.625900804899993
RS Williams,477,703.0917247792014,1032,597.6279660623212,-12.062796606232121
PRCS Kumarihami,283,492.34466264645516,764,418.4929632494869,-13.549296324948688
Nigar Sultana,1168,1569.5386309701923,2128,1334.1078363246634,-16.610783632466337
Fargana Hoque,1427,2154.7745970755072,2847,1831.558407514181,-40.4558407514181
