bowler,balls,runs_conceded,wickets,runs_per_ball,replacement_runs,bowling_war
BM Scholtz,3073,1707,92,0.5554832411324439,3134.374554121152,142.7374554121152
MRJ Watt,3590,2530,98,0.7047353760445683,3661.700178748759,113.17001787487588
SN Netravalkar,3051,2042,96,0.669288757784333,3111.9351658391265,106.99351658391265
JJ Bumrah,3720,2846,126,0.7650537634408602,3794.2965640516386,94.82965640516386
Kuldeep Yadav,5392,4562,175,0.8460682492581603,5499.690073485601,93.76900734856008
M Muralitharan,2177,1313,65,0.6031235645383556,2220.4794677259188,90.74794677259187
MJ Santner,3832,3012,83,0.7860125260960334,3908.533449851043,89.65334498510428
NP Kenjige,2760,1950,60,0.7065217391304348,2815.123257199603,86.51232571996029
S Lamichhane,3186,2389,126,0.7498430634023855,3249.631412115194,86.06314121151941
SM Pollock,2184,1371,55,0.6277472527472527,2227.6192730883813,85.66192730883813
Rohan Mustafa,3029,2272,76,0.7500825354902608,3089.4957775571006,81.74957775571006
Mehedi Hasan Miraz,4125,3412,101,0.8271515151515152,4207.385302879841,79.53853028798412
B Lee,2753,2037,99,0.7399200871776244,2807.9834518371404,77.09834518371403
RA Jadeja,3232,2554,78,0.7902227722772277,3296.5501330685206,74.25501330685206
DL Vettori,1927,1233,53,0.6398546964193046,1965.4864190665344,73.24864190665343
Shakib Al Hasan,3037,2378,73,0.7830095488969377,3097.655555114201,71.96555551142009
GD McGrath,1680,1007,49,0.5994047619047619,1713.5532869910626,70.65532869910626
Shoaib Malik,2466,1813,66,0.735198702351987,2515.251431976167,70.22514319761672
JN Gillespie,2013,1364,59,0.6775956284153005,2053.204027805363,68.92040278053628
Harbhajan Singh,1996,1354,47,0.6783567134268537,2035.8645004965244,68.18645004965245
DS Airee,1987,1346,48,0.6774031202818319,2026.6847507447867,68.06847507447867
Zeeshan Maqsood,2145,1520,56,0.7086247086247086,2187.8403574975173,66.78403574975172
WPUJC Vaas,1987,1360,51,0.6844489179667841,2026.6847507447867,66.66847507447866
Aayan Afzal Khan,1990,1381,50,0.6939698492462312,2029.7446673286993,64.87446673286993
TA Boult,3447,2870,127,0.832608064984044,3515.844154915591,64.5844154915591
Sikandar Raza,2934,2348,59,0.8002726653033402,2992.5984190665345,64.45984190665345
A Flintoff,1854,1249,60,0.6736785329018339,1891.0284488579941,64.20284488579941
CA Soper,2229,1646,57,0.7384477344100493,2273.5180218470705,62.751802184707046
Ahmed Raza,1991,1414,50,0.7101958814665997,2030.7646395233367,61.67646395233366
Kaleemullah,2037,1469,45,0.7211585665193913,2077.6833604766634,60.86833604766635
SM Sharif,2861,2313,83,0.8084585809157637,2918.140448857994,60.51404488579942
JR Hazlewood,2789,2243,78,0.8042309071351739,2844.7024508440913,60.17024508440913
AR McBrine,2700,2153,56,0.7974074074074075,2753.924925521351,60.092492552135084
A Vala,1737,1173,38,0.6753022452504318,1771.6917020854023,59.86917020854023
M Theekshana,2126,1570,75,0.7384760112888052,2168.4608857994044,59.84608857994044
MJ Henry,3061,2524,110,0.8245671349232278,3122.1348877855016,59.813488778550166
K Rabada,3400,2871,107,0.8444117647058823,3467.905461767627,59.6905461767627
LN Rajbanshi,1550,995,47,0.6419354838709678,1580.9569016881828,58.59569016881828
KA Maharaj,2260,1731,51,0.765929203539823,2305.137159880834,57.41371598808341
PJ Cummins,3119,2617,90,0.8390509778775248,3181.293275074479,56.429327507447894
Mustafizur Rahman,3804,3316,116,0.8717139852786541,3879.974228401192,56.39742284011918
D Gough,1930,1426,58,0.738860103626943,1968.546335650447,54.2546335650447
Abdul Razzaq,2317,1825,54,0.7876564523090203,2363.275574975174,53.82755749751741
A Dutt,2465,1985,64,0.8052738336713996,2514.2314597815293,52.92314597815293
R Trumpelmann,2081,1594,62,0.7659778952426718,2122.5621370407152,52.85621370407152
Zahoor Khan,2719,2253,80,0.8286134608311879,2773.304397219464,52.030439721946415
AF Giles,1628,1144,38,0.7027027027027027,1660.5147328699106,51.65147328699106
HH Streak,1550,1068,42,0.6890322580645162,1580.9569016881828,51.29569016881828
GB Hogg,1981,1514,66,0.7642604745078243,2020.5649175769613,50.65649175769613
M Ntini,1984,1522,73,0.7671370967741935,2023.624834160874,50.16248341608739
Mohammad Sami,1988,1528,60,0.7686116700201208,2027.704722939424,49.97047229394241
Bilal Khan,2515,2076,100,0.8254473161033797,2565.2300695134063,48.92300695134063
MA Leask,2043,1595,65,0.780714635340186,2083.8031936444886,48.88031936444886
AS Joseph,3496,3089,119,0.8835812356979404,3565.8227924528305,47.682279245283056
AJ Hosein,2132,1709,60,0.801594746716698,2174.5807189672296,46.55807189672296
JJ Smit,1462,1037,50,0.7093023255813954,1491.1993485600794,45.41993485600794
Junaid Siddique,2491,2087,68,0.8378161380971497,2540.750736842105,45.37507368421052
JDP Oram,1740,1323,51,0.7603448275862069,1774.751618669315,45.17516186693149
MG Erasmus,1610,1192,49,0.7403726708074534,1642.1552333664351,45.01552333664351
YS Chahal,3596,3221,118,0.8957174638487208,3667.820011916584,44.6820011916584
Basil Hameed,1399,989,46,0.7069335239456754,1426.9411002979148,43.794110029791476
AR Patel,1736,1339,39,0.7713133640552995,1770.6717298907647,43.16717298907647
Hamza Tahir,1423,1020,38,0.7167955024595924,1451.4204329692157,43.142043296921564
Shoaib Akhtar,1817,1423,54,0.7831590533847,1853.2894776564053,43.02894776564053
Shakeel Ahmed,860,447,40,0.5197674418604651,877.1760873882821,43.01760873882821
Karan KC,2555,2178,90,0.8524461839530333,2606.0289572989077,42.80289572989077
A Zampa,4502,4172,147,0.9266992447800977,4591.914820258193,41.99148202581928
BJ McMullen,1596,1208,57,0.7568922305764411,1627.8756226415096,41.98756226415096
Mohammad Hafeez,1508,1119,32,0.7420424403183024,1538.1180695134062,41.91180695134062
A Symonds,1991,1617,45,0.8121546961325967,2030.7646395233367,41.376463952333665
ST Jayasuriya,1622,1241,41,0.7651048088779285,1654.3948997020855,41.33948997020855
Saad Bin Zafar,1367,981,29,0.717629846378932,1394.3019900695135,41.330199006951354
T Lungameni,1512,1130,47,0.7473544973544973,1542.1979582919564,41.21979582919564
B Muzarabani,2315,1950,60,0.8423326133909287,2361.235630585899,41.12356305858989
SB Styris,1263,877,37,0.6943784639746635,1288.2248818272096,41.122488182720964
AU Rashid,5036,4728,153,0.9388403494837172,5136.579972194638,40.857997219463776
Shadab Khan,2827,2480,74,0.8772550406791652,2883.461394240318,40.3461394240318
KD Mills,1306,938,35,0.7182235834609495,1332.0836861966236,39.40836861966236
CR Woakes,2682,2342,95,0.8732289336316182,2735.565426017875,39.35654260178749
JM Anderson,1727,1370,55,0.7932831499710481,1761.491980139027,39.1491980139027
PWH de Silva,2428,2086,81,0.8591433278418451,2476.4924885799405,39.04924885799405
JN Frylinck,1298,938,36,0.7226502311248074,1323.9239086395235,38.592390863952346
Sompal Kami,2688,2358,84,0.8772321428571429,2741.6852591857005,38.36852591857005
B Kumar,2686,2359,80,0.8782576321667908,2739.6453147964253,38.064531479642525
AJ Bichel,1297,943,33,0.7270624518118736,1322.9039364448859,37.990393644488584
SJ Harmison,1507,1164,43,0.7723954877239548,1537.0980973187686,37.30980973187686
NK Patel,1552,1210,43,0.779639175257732,1582.9968460774578,37.29968460774578
Z Khan,1783,1449,58,0.8126752664049355,1818.610423038729,36.96104230387291
Khawar Ali,1543,1216,41,0.7880751782242384,1573.81709632572,35.781709632572
Imran Tahir,1455,1128,40,0.7752577319587629,1484.0595431976167,35.605954319761665
BA Williams,1001,666,34,0.6653346653346653,1020.9921668321748,35.49921668321748
CJA Amini,1620,1298,33,0.8012345679012346,1652.3549553128105,35.43549553128105
SC Williams,1783,1469,37,0.8238923163208076,1818.610423038729,34.96104230387291
Kaleem Sana,1147,824,40,0.7183958151700087,1169.9081072492552,34.59081072492552
N Vanua,2010,1709,53,0.8502487562189055,2050.1441112214497,34.11441112214497
Simi Singh,897,577,30,0.6432552954292085,914.9150585898709,33.791505858987094
Mashrafe Mortaza,2606,2321,54,0.8906369915579432,2658.047539225422,33.7047539225422
G Motie,1367,1058,35,0.7739575713240673,1394.3019900695135,33.63019900695135
IDR Bradshaw,985,669,30,0.6791878172588832,1004.6726117179743,33.567261171797426
SE Bond,934,617,33,0.6605995717344754,952.6540297914598,33.565402979145986
DR Tuffey,1082,773,28,0.7144177449168208,1103.6099145978153,33.06099145978153
Mohammed Siraj,1991,1702,72,0.8548468106479156,2030.7646395233367,32.876463952333665
A Nehra,1490,1191,41,0.7993288590604026,1519.7585700099305,32.87585700099305
Kushal Malla,1068,766,26,0.7172284644194756,1089.3303038728898,32.33303038728898
MG Bracewell,1545,1258,38,0.8142394822006472,1575.857040714995,31.785704071499502
RL Chase,1877,1600,32,0.8524240809802877,1914.4878093346574,31.44878093346574
MS Kasprowicz,883,587,37,0.6647791619479049,900.6354478649455,31.36354478649455
KM Jarvis,1046,754,29,0.7208413001912046,1066.890915590864,31.28909155908641
Taskin Ahmed,2095,1826,53,0.871599045346062,2136.841747765641,31.084174776564076
IK Pathan,1637,1359,55,0.8301771533292609,1669.6944826216486,31.06944826216486
A Dananjaya,1903,1631,51,0.8570677877036259,1941.0070863952335,31.00070863952335
Mohammad Rafique,1401,1119,21,0.7987152034261242,1428.9810446871898,30.998104468718974
R Ngarava,2031,1762,61,0.8675529295913343,2071.5635273088383,30.95635273088383
C de Grandhomme,1259,976,22,0.7752184273232724,1284.1449930486594,30.814499304865944
J Srinath,853,563,28,0.6600234466588512,870.0362820258193,30.703628202581932
RW Price,896,607,13,0.6774553571428571,913.8950863952334,30.689508639523343
SR Taylor,1191,910,30,0.764063811922754,1214.786883813307,30.4786883813307
Jay Odedra,837,552,23,0.6594982078853047,853.7167269116187,30.17167269116187
Shahid Afridi,1331,1056,41,0.7933884297520661,1357.582991062562,30.15829910625621
H Thaker,1047,768,24,0.7335243553008596,1067.9108877855015,29.991088778550147
LH Ferguson,2956,2716,90,0.918809201623816,3015.0378073485604,29.903780734856035
Harmeet Singh,933,654,22,0.7009646302250804,951.6340575968223,29.763405759682236
MM Ali,3164,2930,69,0.9260429835651075,3227.192023833168,29.719202383316816
RE van der Merwe,1239,969,30,0.7820823244552058,1263.7455491559087,29.474554915590875
P Utseya,863,589,9,0.6825028968713789,880.2360039721947,29.12360039721947
Naved-ul-Hasan,1243,978,46,0.7868061142397426,1267.825437934459,28.982543793445892
CH Gayle,1459,1199,42,0.8217957505140507,1488.1394319761669,28.913943197616685
DM de Silva,1717,1464,40,0.8526499708794408,1751.2922581926516,28.72922581926516
DJ Willey,2038,1793,69,0.879784102060844,2078.703332671301,28.57033326713008
AB Agarkar,1412,1155,52,0.8179886685552408,1440.2007388282027,28.52007388282027
MA Starc,3204,2984,114,0.9313358302122348,3267.9909116186695,28.399091161866956
Aamir Kaleem,681,411,19,0.6035242290748899,694.6010645481629,28.360106454816286
AJ Hall,933,675,29,0.7234726688102894,951.6340575968223,27.663405759682234
N Pokana,821,564,28,0.6869671132764921,837.3971717974181,27.339717179741807
Mohammad Amir,1110,864,28,0.7783783783783784,1132.1691360476664,26.816913604766636
A Nel,1153,908,36,0.7875108412836079,1176.0279404170806,26.802794041708058
CD Collymore,934,687,17,0.7355460385438972,952.6540297914598,26.565402979145983
M Dillon,980,737,25,0.7520408163265306,999.5727507447865,26.25727507447865
Ayan Khan,1175,937,28,0.7974468085106383,1198.4673286991062,26.146732869910625
FJ Klaassen,910,668,22,0.734065934065934,928.174697120159,26.017469712015895
HH Pandya,2733,2529,72,0.9253567508232712,2787.584007944389,25.85840079443892
MF Maharoof,846,605,28,0.7151300236406619,862.8964766633566,25.789647666335657
GJ Maxwell,2050,1836,34,0.895609756097561,2090.9429990069516,25.49429990069516
JC Archer,1586,1363,49,0.8593947036569988,1617.6759006951343,25.467590069513427
A Kumble,1077,849,22,0.7883008356545961,1098.5100536246277,24.951005362462773
PD Collingwood,990,768,16,0.7757575757575758,1009.772472691162,24.177247269116197
PA van Meekeren,1785,1583,63,0.8868347338935574,1820.650367428004,23.765036742800408
N Boje,933,714,20,0.7652733118971061,951.6340575968223,23.763405759682236
R Hekure,925,706,28,0.7632432432432432,943.474280039722,23.747428003972196
DT Hondo,1393,1186,32,0.8513998564249821,1420.8212671300894,23.482126713008938
IJ Harvey,927,713,30,0.7691477885652643,945.5142244289971,23.251422442899706
Faheem Ashraf,1437,1234,26,0.8587334725121781,1465.7000436941412,23.17000436941412
T Shamsi,2512,2331,68,0.9279458598726115,2562.1701529294937,23.11701529294937
Shabbir Ahmed,801,586,18,0.731585518102372,816.9977279046674,23.099772790466737
JO Holder,3196,3032,77,0.9486858573216521,3259.831134061569,22.783113406156918
VJ Kingma,1261,1059,39,0.8398096748612213,1286.1849374379344,22.71849374379344
AR Caddick,604,389,18,0.6440397350993378,616.0632055610726,22.706320556107254
AM Blignaut,1356,1159,29,0.8547197640117994,1383.0822959285006,22.408229592850056
UDU Chandana,1151,950,38,0.8253692441355344,1173.9879960278054,22.398799602780535
TJ Murtagh,684,474,23,0.6929824561403509,697.6609811320756,22.366098113207556
MR Adair,2348,2179,67,0.9280238500851788,2394.8947130089377,21.589471300893774
WB Rankin,893,695,31,0.7782754759238522,910.8351698113208,21.583516981132085
KV Morea,720,519,23,0.7208333333333333,734.3799801390269,21.537998013902687
D Heyliger,1101,908,38,0.8247048138056312,1122.9893862959286,21.498938629592864
PVD Chameera,1518,1334,39,0.8787878787878788,1548.3177914597816,21.431779145978158
TL Chatara,1792,1614,52,0.9006696428571429,1827.7901727904668,21.379017279046685
Shaheen Shah Afridi,3063,2912,117,0.9507019262161279,3124.174832174777,21.217483217477685
T van der Gugten,429,227,6,0.5291375291375291,437.5680714995035,21.05680714995035
BTJ Wheal,522,322,18,0.6168582375478927,532.4254856007944,21.042548560079446
AL Phehlukwayo,2474,2313,76,0.9349232012934519,2523.411209533267,21.041120953326708
CZ Harris,602,404,10,0.6710963455149501,614.0232611717975,21.002326117179745
Mohammed Shami,2889,2737,120,0.947386638975424,2946.6996703078453,20.969967030784527
CB Sole,1150,964,43,0.8382608695652174,1172.968023833168,20.8968023833168
Aarif Sheikh,856,666,8,0.7780373831775701,873.0961986097319,20.70961986097319
Khaled Mahmud,1214,1032,24,0.8500823723228995,1238.2462442899703,20.624624428997027
Aqib Ilyas,907,719,24,0.7927232635060639,925.1147805362464,20.611478053624637
Imad Wasim,1205,1023,18,0.8489626556016597,1229.0664945382325,20.606649453823252
DNT Zoysa,750,560,23,0.7466666666666667,764.9791459781529,20.497914597815292
WP Masakadza,1218,1038,18,0.8522167487684729,1242.3261330685204,20.432613306852044
TM Odoyo,700,513,18,0.7328571428571429,713.9805362462761,20.098053624627607
Kashif Daud,676,495,17,0.7322485207100592,689.5012035749752,19.450120357497518
CRD Fernando,1166,995,29,0.8533447684391081,1189.2875789473685,19.42875789473685
Manjural Islam Rana,598,416,14,0.6956521739130435,609.9433723932473,19.394337239324727
Jasdeep Singh,1795,1638,53,0.9125348189415042,1830.8500893743794,19.285008937437944
BJ Currie,581,401,28,0.6901893287435457,592.6038450844092,19.160384508440917
MA Wood,2358,2214,58,0.9389312977099237,2405.094434955313,19.109443495531288
Milind Kumar,658,481,29,0.7310030395136778,671.1417040714996,19.014170407149958
K Klein,861,689,37,0.8002322880371661,878.1960595829196,18.91960595829196
ID Blackwell,548,372,11,0.6788321167883211,558.9447626613704,18.69447626613704
HN Ya France,726,556,14,0.7658402203856749,740.499813306852,18.449981330685205
PM Seelaar,789,623,12,0.7896070975918885,804.758061569017,18.175806156901693
VC Drakes,634,465,18,0.7334384858044164,646.6623714001986,18.16623714001986
Ali Khan,717,550,35,0.7670850767085077,731.3200635551142,18.132006355511418
Nasum Ahmed,778,613,14,0.787917737789203,793.538367428004,18.0538367428004
DW Steyn,511,342,18,0.6692759295499021,521.2057914597816,17.92057914597816
MA Suji,522,355,9,0.6800766283524904,532.4254856007944,17.742548560079445
Washington Sundar,838,678,24,0.8090692124105012,854.7366991062563,17.67366991062563
CL Cairns,863,704,18,0.8157589803012746,880.2360039721947,17.62360039721947
V Sehwag,1043,888,26,0.8513902205177373,1063.8309990069515,17.583099900695153
LV van Beek,1759,1619,50,0.9204093234792495,1794.1310903674282,17.513109036742822
CA Young,1500,1355,54,0.9033333333333333,1529.9582919563059,17.495829195630584
DN Wellalage,1128,977,33,0.8661347517730497,1150.528635551142,17.352863555114208
NM Lyon,911,756,12,0.8298572996706916,929.1946693147964,17.319466931479646
SI Kamea,950,797,28,0.8389473684210527,968.9735849056605,17.197358490566046
AG Wharf,562,403,18,0.7170818505338078,573.224373386296,17.022437338629594
L Ngidi,2989,2879,97,0.963198394111743,3048.6968897715988,16.969688977159876
Taijul Islam,779,625,25,0.8023106546854942,794.5583396226416,16.95583396226416
AG Cremer,515,356,17,0.6912621359223301,525.2856802383317,16.92856802383317
RL Johnson,367,206,10,0.5613079019073569,374.3297954319762,16.83297954319762
S Bhari,402,246,15,0.6119402985074627,410.02882224429,16.402882224429
IG Holland,638,489,20,0.7664576802507836,650.7422601787488,16.17422601787488
GW Flower,571,421,12,0.7373029772329247,582.4041231380338,16.14041231380338
CN Ackermann,619,470,16,0.7592891760904685,631.3627884806356,16.136278848063558
JDF Vandersay,959,818,34,0.8529718456725756,978.1533346573983,16.015333465739833
Mohammad Nawaz,982,843,21,0.8584521384928717,1001.6126951340616,15.86126951340616
NW Bracken,472,323,22,0.684322033898305,481.4268758689176,15.84268758689176
SR Watson,829,688,22,0.8299155609167672,845.5569493545185,15.755694935451846
Naseem Shah,1355,1225,51,0.9040590405904059,1382.062323733863,15.706232373386296
HDPK Dharmasena,425,277,6,0.6517647058823529,433.4881827209534,15.648818272095337
Mushfiqur Rahman,652,509,8,0.7806748466257669,665.0218709036743,15.602187090367432
IS Sodhi,1713,1592,48,0.9293636894337419,1747.2123694141014,15.521236941410143
A Nao,790,653,19,0.8265822784810126,805.7780337636544,15.277803376365444
Usman Shinwari,726,588,34,0.8099173553719008,740.499813306852,15.249981330685205
JH Kallis,1208,1081,22,0.8948675496688742,1232.126411122145,15.11264111221451
AC Agar,1040,911,20,0.8759615384615385,1060.7710824230387,14.97710824230387
T Panyangara,822,689,22,0.8381995133819952,838.4171439920557,14.94171439920557
RAS Lakmal,1030,902,29,0.8757281553398059,1050.5713604766634,14.857136047666335
K Gore,432,293,11,0.6782407407407407,440.6279880834161,14.762798808341609
CO Obuya,595,460,17,0.773109243697479,606.8834558093347,14.688345580933468
KA Jamieson,807,677,17,0.838909541511772,823.1175610724925,14.611756107249255
CK Langeveldt,629,497,15,0.7901430842607313,641.5625104270109,14.456251042701092
SL Malinga,1502,1388,41,0.9241011984021305,1531.998236345581,14.399823634558107
KM Jadhav,906,782,17,0.8631346578366446,924.0948083416088,14.209480834160876
KAJ Roach,1177,1065,25,0.9048428207306712,1200.5072730883815,13.550727308838145
DJ Bravo,860,742,22,0.8627906976744186,877.1760873882821,13.51760873882821
Danish Kaneria,542,420,8,0.7749077490774908,552.8249294935453,13.282492949354525
R Klein,615,496,12,0.8065040650406504,627.2828997020854,13.128289970208538
AR Adams,737,622,27,0.8439620081411127,751.719507447865,12.9719507447865
KP Meiyappan,1228,1123,38,0.9144951140065146,1252.5258550148958,12.95258550148958
TB Sole,412,291,9,0.7063106796116505,420.2285441906654,12.922854419066539
D Pretorius,705,590,23,0.8368794326241135,719.0803972194637,12.908039721946375
Umar Gul,603,486,14,0.8059701492537313,615.043233366435,12.904323336643495
Abrar Ahmed,522,405,16,0.7758620689655172,532.4254856007944,12.742548560079445
S Mahmood,799,688,25,0.8610763454317898,814.9577835153923,12.695778351539229
J Theron,616,503,20,0.8165584415584416,628.302871896723,12.530287189672299
BJ McCarthy,1434,1338,45,0.9330543933054394,1462.6401271102284,12.464012711022837
S Bau,553,441,11,0.7974683544303798,564.0446236345581,12.304462363455809
GH Dockrell,1263,1166,31,0.9231987331749802,1288.2248818272096,12.222488182720962
R Shepherd,1341,1246,35,0.9291573452647278,1367.7827130089374,12.178271300893744
M Kartik,786,680,19,0.8651399491094147,801.6981449851044,12.169814498510437
Haris Rauf,2387,2315,86,0.9698366149979053,2434.6736285998018,11.967362859980176
WW Hinds,474,366,19,0.7721518987341772,483.4668202581927,11.746682025819268
D Parashar,413,304,9,0.7360774818401937,421.2485163853029,11.724851638530287
D Ravu,608,503,10,0.8273026315789473,620.1430943396226,11.714309433962262
PJ Ongondo,453,346,6,0.7637969094922737,462.0474041708044,11.60474041708044
C Campher,1109,1016,33,0.9161406672678089,1131.1491638530288,11.514916385302877
KIC Asalanka,498,393,17,0.7891566265060241,507.94615292949356,11.494615292949357
RK Paudel,346,238,10,0.6878612716763006,352.9103793445879,11.491037934458792
MD Shanaka,841,743,21,0.8834720570749108,857.7966156901689,11.479661569016889
TM Dilshan,567,464,9,0.818342151675485,578.3242343594836,11.432423435948362
S Shrivastava,566,463,27,0.8180212014134276,577.3042621648461,11.430426216484614
RAP Nissanka,411,305,11,0.7420924574209246,419.20857199602784,11.420857199602784
W Madhevere,758,661,17,0.8720316622691293,773.1389235352533,11.21389235352533
A Neill,448,345,15,0.7700892857142857,456.9475431976167,11.194754319761671
Mohammad Aadil Alam,272,166,9,0.6102941176470589,277.4324369414102,11.143243694141017
Fayyaz Butt,1349,1266,40,0.938472942920682,1375.9424905660378,10.994249056603781
Tapash Baisya,1121,1034,28,0.9223907225691347,1143.3888301886793,10.938883018867932
K Sinclair,388,287,11,0.7396907216494846,395.74921151936445,10.874921151936444
TL Best,387,286,15,0.7390180878552972,394.72923932472696,10.872923932472697
AD Mathews,426,326,16,0.7652582159624414,434.50815491559086,10.850815491559086
KS Lokuarachchi,371,270,10,0.7277628032345014,378.40968421052634,10.840968421052633
Parveen Kumar,305,203,5,0.6655737704918033,311.09151936444886,10.809151936444886
DA Marillier,369,269,7,0.7289972899728997,376.36973982125124,10.736973982125125
Yuvraj Singh,597,502,15,0.8408710217755444,608.9234001986098,10.692340019860978
Shahid Ahmadzai,229,128,5,0.5589519650655022,233.57363257199603,10.557363257199603
SS Cottrell,1565,1491,50,0.9527156549520767,1596.256484607746,10.525648460774596
DS Lehmann,590,497,22,0.8423728813559322,601.783594836147,10.478359483614701
Wasim Akram,314,216,12,0.6878980891719745,320.2712691161867,10.427126911618672
Nestor Dhamba,308,210,11,0.6818181818181818,314.1514359483615,10.415143594836149
Mahedi Hasan,534,441,15,0.8258426966292135,544.6651519364449,10.366515193644489
RJW Topley,906,821,31,0.9061810154525386,924.0948083416088,10.309480834160876
M Levitt,453,359,9,0.7924944812362031,462.0474041708044,10.304740417080438
KJ O'Brien,537,445,13,0.8286778398510242,547.7250685203576,10.272506852035757
Nadeem Ahmed,325,229,5,0.7046153846153846,331.4909632571996,10.249096325719961
MJ Clarke,474,381,15,0.8037974683544303,483.4668202581927,10.246682025819268
RP Singh,315,219,12,0.6952380952380952,321.29124131082426,10.229124131082425
K Bhurtel,447,354,13,0.7919463087248322,455.92757100297916,10.192757100297916
SM Ervine,789,703,25,0.8910012674271229,804.758061569017,10.175806156901695
W O'Rourke,907,824,24,0.9084895259095921,925.1147805362464,10.111478053624637
LE Plunkett,1497,1426,54,0.9525718102872411,1526.8983753723933,10.089837537239328
GT Main,695,609,33,0.8762589928057554,708.8806752730884,9.98806752730884
CS MacLeod,534,445,4,0.8333333333333334,544.6651519364449,9.966515193644488
GI Hume,876,794,31,0.906392694063927,893.4956425024827,9.949564250248272
DR Smith,424,333,10,0.785377358490566,432.46821052631583,9.946821052631583
L Balaji,974,894,28,0.917864476386037,993.4529175769613,9.945291757696134
SC Ganguly,567,479,13,0.8447971781305115,578.3242343594836,9.932423435948362
SA Abbott,1315,1243,36,0.9452471482889734,1341.2634359483616,9.826343594836157
AK Markram,996,918,19,0.9216867469879518,1015.8923058589871,9.789230585898713
C White,273,181,10,0.663003663003663,278.45240913604766,9.745240913604766
PT Collins,442,354,12,0.8009049773755657,450.8277100297915,9.682771002979148
HR Walsh,985,908,24,0.9218274111675127,1004.6726117179743,9.66726117179743
PA de Silva,572,487,14,0.8513986013986014,583.4240953326713,9.64240953326713
Mosaddek Hossain,653,570,7,0.8728943338437979,666.0418430983118,9.60418430983118
JM Kemp,317,228,6,0.7192429022082019,323.3311857000993,9.533118570009929
Shoriful Islam,1445,1379,46,0.9543252595155709,1473.8598212512413,9.485982125124133
Mohammad Naveed,812,734,29,0.9039408866995073,828.2174220456803,9.421742204568034
JN Loftie-Eaton,741,663,27,0.8947368421052632,755.7993962264152,9.279939622641518
GM Ewing,273,186,6,0.6813186813186813,278.45240913604766,9.245240913604766
DBL Powell,270,183,4,0.6777777777777778,275.3924925521351,9.239249255213508
P Khadka,279,194,4,0.6953405017921147,284.5722423038729,9.057224230387288
JN Mohammed,322,238,8,0.7391304347826086,328.431046673287,9.043104667328702
MD Dai,244,159,4,0.6516393442622951,248.8732154915591,8.987321549155912
SS Kang,284,200,10,0.704225352112676,289.6721032770606,8.967210327706061
AC Evans,721,647,22,0.897364771151179,735.3999523336644,8.839995233366437
JP Behrendorff,656,581,16,0.885670731707317,669.1017596822245,8.810175968222449
MR Marsh,645,571,16,0.8852713178294573,657.8820655412115,8.688206554121155
Amir Hayat,468,392,13,0.8376068376068376,477.34698709036746,8.534698709036746
SO Tikolo,405,328,13,0.8098765432098766,413.0887388282026,8.508873882820263
S Dhakal,229,149,4,0.6506550218340611,233.57363257199603,8.457363257199603
SR Tendulkar,783,716,19,0.9144316730523627,798.6382284011917,8.263822840119166
L Klusener,476,403,12,0.8466386554621849,485.5067646474678,8.250676464746778
CN Greaves,645,577,26,0.8945736434108527,657.8820655412115,8.088206554121154
EC Rainsford,260,185,4,0.7115384615384616,265.1927706057597,8.019277060575968
Mohammad Nadeem,825,762,23,0.9236363636363636,841.4770605759683,7.947706057596827
M Prasidh Krishna,819,756,30,0.9230769230769231,835.3572274081431,7.9357227408143105
C Munro,429,359,8,0.8368298368298368,437.5680714995035,7.856807149950351
R Clarke,359,289,9,0.8050139275766016,366.1700178748759,7.71700178748759
RP Lefebvre,199,126,4,0.6331658291457286,202.97446673286993,7.697446673286993
DDP D'Silva,194,121,6,0.6237113402061856,197.87460575968223,7.687460575968222
S Matsikenyeri,489,422,9,0.8629856850715747,498.76640317775576,7.676640317775576
KR Mayers,709,647,14,0.9125528913963329,723.1602859980139,7.6160285998013935
Mohammad Wasim,1040,985,38,0.9471153846153846,1060.7710824230387,7.57710824230387
P Sarraf,326,257,7,0.7883435582822086,332.51093545183716,7.551093545183716
AY Karim,141,69,4,0.48936170212765956,143.81607944389276,7.4816079443892765
JM Davison,258,189,11,0.7325581395348837,263.15282621648464,7.415282621648464
Arshad Khan,255,186,6,0.7294117647058823,260.092909632572,7.409290963257201
RC Irani,355,288,8,0.8112676056338028,362.09012909632577,7.409012909632577
CAH Stevenson,729,670,25,0.9190672153635117,743.5597298907647,7.3559729890764745
VM Nyauchi,428,363,8,0.8481308411214953,436.54809930486596,7.354809930486596
NT Ellis,578,516,15,0.8927335640138409,589.5439285004966,7.354392850049658
BFW de Leede,1506,1463,45,0.9714475431606906,1536.0781251241312,7.307812512413125
Rubel Hossain,1194,1145,36,0.958961474036851,1217.8468003972196,7.284680039721957
D Wiese,391,327,8,0.8363171355498721,398.8091281032771,7.180912810327709
MN Samuels,583,523,11,0.8970840480274442,594.6437894736843,7.164378947368425
Junaid Khan,648,590,18,0.9104938271604939,660.9419821251241,7.094198212512413
Arshdeep Singh,396,333,16,0.8409090909090909,403.90898907646476,7.090898907646476
C Green,841,788,21,0.9369797859690844,857.7966156901689,6.979661569016889
M Zondeki,190,124,4,0.6526315789473685,193.7947169811321,6.97947169811321
Junaid Siddique (2),318,255,13,0.8018867924528302,324.35115789473684,6.935115789473684
Yasir Shah,448,388,6,0.8660714285714286,456.9475431976167,6.894754319761671
TG Southee,2185,2160,64,0.988558352402746,2228.639245283019,6.863924528301913
RJ Peterson,331,269,7,0.8126888217522659,337.61079642502483,6.861079642502483
CG Williams,264,201,5,0.7613636363636364,269.27265938430986,6.827265938430986
KS Williamson,199,135,4,0.678391959798995,202.97446673286993,6.797446673286993
RD Berrington,391,331,6,0.8465473145780051,398.8091281032771,6.780912810327709
C Floyd,381,321,4,0.84251968503937,388.6094061569017,6.760940615690169
GJ Batty,176,112,3,0.6363636363636364,179.51510625620656,6.751510625620656
Sunzamul Islam,122,57,3,0.4672131147540984,124.43660774577955,6.743660774577956
Steven Ryan Taylor,296,235,9,0.793918918918919,301.91176961271105,6.691176961271106
C Karunaratne,837,787,26,0.94026284348865,853.7167269116187,6.671672691161871
Azhar Mahmood,310,250,5,0.8064516129032258,316.1913803376366,6.619138033763659
KMDN Kulasekara,185,123,5,0.6648648648648648,188.6948560079444,6.569485600794439
Ehsan Khan,328,269,12,0.8201219512195121,334.55087984111225,6.555087984111225
DAJ Bracewell,313,254,8,0.8115015974440895,319.25129692154917,6.525129692154917
J Jarvis,529,475,15,0.8979206049149339,539.5652909632572,6.456529096325721
MO Odumbe,364,307,7,0.8434065934065934,371.26987884806357,6.426987884806357
Sufyan Mehmood,212,152,7,0.7169811320754716,216.23410526315791,6.4234105263157915
Tanwir Afzal,211,151,2,0.7156398104265402,215.21413306852037,6.4214133068520365
Akif Raja,234,175,4,0.7478632478632479,238.67349354518373,6.367349354518373
EH Hutchinson,227,168,3,0.7400881057268722,231.53368818272097,6.353368818272097
Alok Kapali,277,219,6,0.7906137184115524,282.53229791459785,6.353229791459785
PA Hitchcock,260,202,7,0.7769230769230769,265.1927706057597,6.319277060575968
Iftikhar Anjum,421,367,6,0.8717339667458432,429.4082939424032,6.240829394240319
Ebadat Hossain,505,453,21,0.897029702970297,515.0859582919563,6.208595829195633
TS Chisoro,342,287,10,0.8391812865497076,348.8304905660378,6.183049056603778
FH Edwards,211,154,12,0.7298578199052133,215.21413306852037,6.121413306852037
CV Varun,246,190,10,0.7723577235772358,250.91315988083417,6.091315988083418
Hazrat Bilal,280,225,10,0.8035714285714286,285.59221449851043,6.059221449851043
XC Bartlett,100,42,9,0.42,101.99721946375374,5.999721946375374
Hasan Ali,2094,2076,62,0.9914040114613181,2135.821775571003,5.982177557100295
RO Hurley,186,130,3,0.6989247311827957,189.71482820258194,5.971482820258194
TK Patel,176,120,5,0.6818181818181818,179.51510625620656,5.9515106256206565
R Rampaul,345,293,8,0.8492753623188406,351.89040714995036,5.889040714995036
AM Hardie,395,344,10,0.8708860759493671,402.8890168818272,5.888901688182722
R Ravindra,958,919,20,0.9592901878914405,977.1333624627607,5.813336246276071
D Bishoo,745,702,7,0.9422818791946309,759.8792850049653,5.787928500496525
JF Kloppenburg,192,138,7,0.71875,195.83466137040716,5.783466137040716
Iftikhar Ahmed,688,644,15,0.936046511627907,701.7408699106256,5.774086991062563
BE Hendricks,372,322,11,0.8655913978494624,379.4296564051639,5.742965640516388
A McGrath,216,163,3,0.7546296296296297,220.31399404170804,5.731399404170804
Muzahir Raza,100,45,2,0.45,101.99721946375374,5.699721946375374
FA Allen,648,604,9,0.9320987654320988,660.9419821251241,5.694198212512413
Aizaz Khan,194,141,7,0.7268041237113402,197.87460575968223,5.687460575968222
Mohammad Nawaz (3),280,229,6,0.8178571428571428,285.59221449851043,5.659221449851043
AR Nurse,1380,1351,22,0.9789855072463768,1407.5616285998015,5.656162859980145
OF Smith,314,264,10,0.8407643312101911,320.2712691161867,5.627126911618672
N Dutta,198,146,2,0.7373737373737373,201.95449453823238,5.595449453823238
MP Vaughan,389,341,5,0.8766066838046273,396.769183714002,5.5769183714001995
B Siddharth,121,68,4,0.5619834710743802,123.41663555114201,5.541663555114201
PWA Mulder,709,668,20,0.9421720733427362,723.1602859980139,5.516028599801393
DL Chahar,506,461,16,0.9110671936758893,516.1059304865938,5.510593048659382
Ammar Khalid,203,152,6,0.7487684729064039,207.05435551142008,5.505435551142009
B Mavuta,442,396,10,0.8959276018099548,450.8277100297915,5.482771002979149
Rehan Ahmed,282,233,11,0.8262411347517731,287.6321588877855,5.463215888778552
OEG Baartman,154,103,6,0.6688311688311688,157.07571797418075,5.407571797418075
BA Stokes,1227,1199,24,0.9771801140994295,1251.5058828202582,5.250588282025819
HB Shipley,404,360,15,0.8910891089108911,412.0687666335651,5.206876663356508
Qadeer Ahmed,345,300,5,0.8695652173913043,351.89040714995036,5.189040714995036
SC Getkate,194,146,7,0.7525773195876289,197.87460575968223,5.187460575968222
TK Curran,1340,1315,38,0.9813432835820896,1366.7627408143,5.176274081430006
Enamul Haque jnr,124,76,4,0.6129032258064516,126.47655213505462,5.047655213505462
CB Mpofu,546,507,13,0.9285714285714286,556.9048182720953,4.990481827209533
JT Brassell,341,298,8,0.873900293255132,347.81051837140024,4.981051837140024
SP Jones,222,177,5,0.7972972972972973,226.4338272095333,4.943382720953329
WD Parnell,322,279,5,0.8664596273291926,328.431046673287,4.9431046673287025
BC Fortuin,430,390,14,0.9069767441860465,438.58804369414105,4.858804369414105
Avesh Khan,371,330,9,0.889487870619946,378.40968421052634,4.840968421052634
D Mongia,266,223,5,0.8383458646616542,271.3126037735849,4.83126037735849
Ali Naseer,701,667,23,0.9514978601997147,715.0005084409137,4.800050844091368
NM Coulter-Nile,829,798,25,0.962605548854041,845.5569493545185,4.755694935451845
Aftab Ahmed,262,220,2,0.8396946564885496,267.23271499503477,4.723271499503477
CW Perchard,216,174,7,0.8055555555555556,220.31399404170804,4.631399404170804
S Fouch√©,310,270,13,0.8709677419354839,316.1913803376366,4.619138033763659
CM McBride,145,102,4,0.7034482758620689,147.89596822244292,4.5895968222442916
Gulsan Jha,995,969,30,0.9738693467336683,1014.8723336643496,4.587233366434964
Kabir Ali,386,348,16,0.9015544041450777,393.7092671300894,4.570926713008942
H Carlyon,183,141,2,0.7704918032786885,186.65491161866933,4.565491161866933
GB Brent,233,193,4,0.8283261802575107,237.65352135054619,4.465352135054618
Saim Ayub,181,140,5,0.7734806629834254,184.61496722939424,4.461496722939424
DC Drakes,125,83,2,0.664,127.49652432969216,4.449652432969216
AM Bacher,108,66,3,0.6111111111111112,110.15699702085402,4.415699702085402
DE Budge,153,112,1,0.7320261437908496,156.0557457795432,4.4055745779543205
Z Groenewald,151,110,6,0.7284768211920529,154.01580139026814,4.401580139026814
NJ Astle,249,210,5,0.8433734939759037,253.97307646474678,4.397307646474678
R Ashwin,284,246,7,0.8661971830985915,289.6721032770606,4.367210327706061
BA Murphy,183,143,5,0.7814207650273224,186.65491161866933,4.365491161866933
AM Fernando,583,551,17,0.9451114922813036,594.6437894736843,4.364378947368425
MP Kuhnemann,230,191,8,0.8304347826086956,234.59360476663358,4.359360476663357
Aryan Lakra,322,285,6,0.8850931677018633,328.431046673287,4.343104667328703
T Mupariwa,268,230,8,0.8582089552238806,273.35254816286,4.335254816285999
OAC Banks,110,69,4,0.6272727272727273,112.1969414101291,4.31969414101291
Sanwar Hossain,196,157,5,0.8010204081632653,199.91455014895732,4.291455014895732
LJ Burger,336,300,6,0.8928571428571429,342.71065739821256,4.271065739821256
NR Kirton,127,87,4,0.6850393700787402,129.53646871896723,4.253646871896723
Manjural Islam,227,189,5,0.8325991189427313,231.53368818272097,4.253368818272096
TCB Fernando,220,182,1,0.8272727272727273,224.3938828202582,4.2393882820258195
Basir Ahamad,111,71,2,0.6396396396396397,113.21691360476665,4.221691360476664
DK Butler,108,68,2,0.6296296296296297,110.15699702085402,4.215699702085402
B Shikongo,845,820,25,0.9704142011834319,861.876504468719,4.1876504468718965
SW Currie,126,87,3,0.6904761904761905,128.5164965243297,4.151649652432971
V Sukumaran,122,83,3,0.680327868852459,124.43660774577955,4.143660774577955
Pratis GC,93,54,2,0.5806451612903226,94.85741410129097,4.085741410129097
J Drysdale,139,101,4,0.7266187050359713,141.7761350546177,4.07761350546177
J Kila,239,203,6,0.8493723849372385,243.7733545183714,4.077335451837141
MJG Rippon,216,180,7,0.8333333333333334,220.31399404170804,4.031399404170804
Agha Salman,863,840,16,0.9733487833140209,880.2360039721947,4.023600397219468
CL Hooper,202,166,3,0.8217821782178217,206.03438331678254,4.003438331678254
SK Warne,125,88,3,0.704,127.49652432969216,3.9496524329692164
A Nortje,1023,1004,38,0.9814271749755621,1043.4315551142006,3.943155511420059
Faisal Akram,117,80,5,0.6837606837606838,119.33674677259187,3.9336746772591864
JP Duminy,451,421,7,0.9334811529933481,460.00745978152935,3.900745978152935
AC Dawson,245,211,2,0.8612244897959184,249.89318768619663,3.8893187686196624
SG Whittingham,226,192,6,0.8495575221238938,230.51371598808342,3.851371598808342
BD Glover,374,343,6,0.9171122994652406,381.469600794439,3.8469600794438974
HA Varaiya,121,85,2,0.7024793388429752,123.41663555114201,3.841663555114201
J Sumerauer,246,213,10,0.8658536585365854,250.91315988083417,3.7913159880834173
SM Sharma,394,364,13,0.9238578680203046,401.86904468718967,3.786904468718967
NLTC Perera,1527,1520,44,0.9954158480681073,1557.4975412115195,3.7497541211519545
Saqlain Mushtaq,166,132,4,0.7951807228915663,169.3153843098312,3.731538430983119
Junaid Siddiqui,158,124,1,0.7848101265822784,161.1556067527309,3.7155606752730903
Ashfaq Ahmed,199,166,4,0.8341708542713567,202.97446673286993,3.6974466732869926
KJ Coetzer,73,38,1,0.5205479452054794,74.45797020854022,3.6457970208540216
CE McConchie,169,136,4,0.8047337278106509,172.3753008937438,3.63753008937438
DT Tiripano,966,949,20,0.9824016563146998,985.2931400198611,3.6293140019861085
MJ Humphreys,248,217,1,0.875,252.95310427010924,3.5953104270109235
JEC Franklin,144,111,8,0.7708333333333334,146.87599602780537,3.587599602780537
RM Haq,91,57,3,0.6263736263736264,92.81746971201589,3.5817469712015892
PR Stirling,185,153,5,0.827027027027027,188.6948560079444,3.5694856007944393
Mohammad Saifuddin,1277,1267,43,0.9921691464369616,1302.5044925521352,3.550449255213516
CH Morris,568,544,14,0.9577464788732394,579.3442065541212,3.5344206554121227
CR Brathwaite,659,637,19,0.9666160849772383,672.1616762661371,3.516167626613708
L Siaka,158,126,2,0.7974683544303798,161.1556067527309,3.5155606752730906
JS Malhotra,104,71,2,0.6826923076923077,106.07710824230388,3.507710824230388
Pargat Singh,116,84,5,0.7241379310344828,118.31677457795433,3.431677457795433
BAW Mendis,62,29,3,0.46774193548387094,63.23827606752731,3.423827606752731
E Schiferli,256,227,5,0.88671875,261.11288182720955,3.4112881827209547
DJ Hooda,154,123,3,0.7987012987012987,157.07571797418075,3.4075717974180746
JH Davey,103,71,2,0.6893203883495146,105.05713604766635,3.4057136047666345
V Shankar,241,212,4,0.8796680497925311,245.8132989076465,3.3813298907646496
M Morkel,239,210,3,0.8786610878661087,243.7733545183714,3.3773354518371406
Waheed Ahmed,125,94,1,0.752,127.49652432969216,3.3496524329692163
PR Adams,62,30,1,0.4838709677419355,63.23827606752731,3.323827606752731
Mukesh Kumar,249,221,5,0.8875502008032129,253.97307646474678,3.2973076464746782
Tanzim Hasan Sakib,498,475,14,0.9538152610441767,507.94615292949356,3.2946152929493566
Jai Prakash Yadav,186,157,4,0.8440860215053764,189.71482820258194,3.271482820258194
DB Kotze,285,258,2,0.9052631578947369,290.6920754716981,3.2692075471698105
RO Hinds,68,37,0,0.5441176470588235,69.35810923535254,3.2358109235352543
Sufiyan Muqeem,163,134,7,0.8220858895705522,166.25546772591858,3.2255467725918576
Nahid Rana,158,129,3,0.8164556962025317,161.1556067527309,3.2155606752730903
D Joseph,202,174,5,0.8613861386138614,206.03438331678254,3.203438331678254
JA Morkel,134,105,6,0.7835820895522388,136.67627408143,3.1676274081429994
MJ Mason,181,153,3,0.8453038674033149,184.61496722939424,3.161496722939424
JA Richardson,825,810,27,0.9818181818181818,841.4770605759683,3.1477060575968268
RML Taylor,123,94,4,0.7642276422764228,125.45657994041709,3.1456579940417084
TD Astle,273,247,10,0.9047619047619048,278.45240913604766,3.1452409136047663
JOA Gordon,406,383,11,0.9433497536945813,414.10871102284017,3.1108711022840168
Mohammad Asif,45,15,2,0.3333333333333333,45.89874875868918,3.089874875868918
KADM Fernando,43,13,2,0.3023255813953488,43.8588043694141,3.08588043694141
Hasan Mahmud,886,873,29,0.9853273137697517,903.6953644488581,3.069536444885807
LR Morris,126,98,5,0.7777777777777778,128.5164965243297,3.051649652432971
TAM Siriwardana,273,248,1,0.9084249084249084,278.45240913604766,3.0452409136047662
KW Richardson,719,703,28,0.9777468706536857,733.3600079443893,3.036000794438928
J Lewis,61,32,3,0.5245901639344263,62.21830387288978,3.021830387288978
Shahbaz Ahmed,156,129,3,0.8269230769230769,159.1156623634558,3.011566236345581
T Mufudza,103,75,1,0.7281553398058253,105.05713604766635,3.0057136047666346
Fakhar Zaman,114,87,1,0.7631578947368421,116.27683018867926,2.9276830188679255
AF Milne,623,607,20,0.9743178170144462,635.4426772591858,2.844267725918576
I Wardlaw,118,92,4,0.7796610169491526,120.3567189672294,2.83567189672294
B Evans,542,525,17,0.9686346863468634,552.8249294935453,2.7824929493545256
LB Williams,389,369,16,0.9485861182519281,396.769183714002,2.7769183714001997
AJ Turner,86,60,2,0.6976744186046512,87.7176087388282,2.7717608738828203
WA Agar,70,44,0,0.6285714285714286,71.39805362462761,2.7398053624627607
NB Mahwire,120,95,3,0.7916666666666666,122.39666335650448,2.7396663356504476
G Snyman,314,293,8,0.9331210191082803,320.2712691161867,2.7271269116186714
D Madushanka,963,955,43,0.9916926272066459,982.2332234359484,2.723322343594839
PA Desai,60,34,1,0.5666666666666667,61.19833167825224,2.719833167825224
N Burger,155,131,5,0.8451612903225807,158.0956901688183,2.7095690168818294
P Jayawickrama,201,178,5,0.8855721393034826,205.014411122145,2.701441112214499
GJ Rennie,90,65,3,0.7222222222222222,91.79749751737836,2.679749751737836
KD Shah,74,49,7,0.6621621621621622,75.47794240317776,2.6477942403177765
Shahnawaz Dhani,100,76,1,0.76,101.99721946375374,2.599721946375374
DJ Mitchell,342,323,14,0.9444444444444444,348.8304905660378,2.583049056603778
Ehsan Nawaz,277,257,10,0.927797833935018,282.53229791459785,2.553229791459785
Nazmul Islam,218,197,6,0.9036697247706422,222.35393843098313,2.5353938430983134
Ehsanul Haque,61,37,2,0.6065573770491803,62.21830387288978,2.521830387288978
RJ Kirtley,58,34,3,0.5862068965517241,59.15838728897717,2.515838728897717
O Davidson,54,30,0,0.5555555555555556,55.07849851042701,2.507849851042701
ZB Lion-Cachet,192,171,8,0.890625,195.83466137040716,2.483466137040716
Usama Mir,521,507,15,0.9731285988483686,531.405513406157,2.440551340615696
MP Stoinis,1963,1978,45,1.0076413652572593,2002.2054180734858,2.420541807348582
Akhil Kumar,106,84,4,0.7924528301886793,108.11705263157896,2.411705263157896
AA Donald,155,134,1,0.864516129032258,158.0956901688183,2.4095690168818296
TM Head,491,477,13,0.9714867617107943,500.8063475670308,2.38063475670308
TBM de Leede,239,220,11,0.9205020920502092,243.7733545183714,2.3773354518371406
AV Lalcheta,84,62,2,0.7380952380952381,85.67766434955314,2.367766434955314
Rajin Saleh,179,159,5,0.888268156424581,182.57502284011917,2.3575022840119173
HMRKB Herath,78,56,1,0.717948717948718,79.5578311817279,2.3557831181727904
J Overton,122,101,6,0.8278688524590164,124.43660774577955,2.3436607745779554
L Gregory,118,97,4,0.8220338983050848,120.3567189672294,2.33567189672294
Syed Rasel,65,43,3,0.6615384615384615,66.29819265143992,2.3298192651439917
JJ Esmeijer,159,139,1,0.8742138364779874,162.17557894736842,2.3175578947368423
A Codrington,154,134,6,0.8701298701298701,157.07571797418075,2.307571797418075
A Ndlovu,103,82,1,0.7961165048543689,105.05713604766635,2.305713604766635
MW Short,251,233,2,0.9282868525896414,256.0130208540219,2.3013020854021873
Nazmul Hossain,392,377,10,0.9617346938775511,399.82910029791464,2.2829100297914637
B Stanlake,278,261,6,0.9388489208633094,283.5522701092354,2.2552270109235395
C Overton,314,298,5,0.9490445859872612,320.2712691161867,2.2271269116186714
JA Duffy,664,655,28,0.9864457831325302,677.2615372393248,2.2261537239324753
NK Yadav,62,41,3,0.6612903225806451,63.23827606752731,2.2238276067527307
B Fernando,159,140,2,0.8805031446540881,162.17557894736842,2.217557894736842
Zuhaib Zubair,103,83,0,0.8058252427184466,105.05713604766635,2.205713604766635
Nasir Hossain,151,132,2,0.8741721854304636,154.01580139026814,2.201580139026814
Abdur Razzak,98,78,2,0.7959183673469388,99.95727507447866,2.1957275074478657
SM Curran,1341,1346,38,1.0037285607755406,1367.7827130089374,2.1782713008937433
TK Canning,84,64,2,0.7619047619047619,85.67766434955314,2.167766434955314
Harshit Rana,225,208,11,0.9244444444444444,229.4937437934459,2.1493743793445903
JR Hopes,60,40,1,0.6666666666666666,61.19833167825224,2.119833167825224
SMSM Senanayake,47,27,2,0.574468085106383,47.93869314796425,2.093869314796425
SR Clark,97,78,5,0.8041237113402062,98.93730287984111,2.093730287984111
AJ Ireland,196,179,6,0.9132653061224489,199.91455014895732,2.0914550148957316
MD Gunathilaka,139,121,2,0.8705035971223022,141.7761350546177,2.0776135054617697
L Sipamla,189,172,2,0.91005291005291,192.77474478649455,2.0774744786494552
SP Krishnamurthi,88,69,4,0.7840909090909091,89.75755312810328,2.0757553128103283
KK Ahmed,435,423,14,0.9724137931034482,443.6879046673287,2.0687904667328723
BV Sears,214,198,10,0.9252336448598131,218.27404965243298,2.027404965243298
KA Pollard,202,186,7,0.9207920792079208,206.03438331678254,2.003438331678254
Rishad Hossain,402,390,8,0.9701492537313433,410.02882224429,2.0028822244289985
TLW Cooper,97,79,2,0.8144329896907216,98.93730287984111,1.9937302879841112
GF Linde,91,73,3,0.8021978021978022,92.81746971201589,1.9817469712015892
MR Swart,90,72,0,0.8,91.79749751737836,1.979749751737836
BJ Dwarshuis,190,174,6,0.9157894736842105,193.7947169811321,1.9794716981132097
PLS Gamage,185,169,8,0.9135135135135135,188.6948560079444,1.9694856007944395
JT Smuts,180,164,5,0.9111111111111111,183.59499503475672,1.9594995034756721
Joginder Sharma,68,50,1,0.7352941176470589,69.35810923535254,1.9358109235352543
RA Reifer,166,150,6,0.9036144578313253,169.3153843098312,1.9315384309831187
RP Arnold,254,240,5,0.9448818897637795,259.07293743793446,1.9072937437934456
Tareq Aziz,53,35,2,0.660377358490566,54.05852631578948,1.905852631578948
W Sutherland,53,35,2,0.660377358490566,54.05852631578948,1.905852631578948
HK Olonga,51,33,1,0.6470588235294118,52.0185819265144,1.90185819265144
MC Sorensen,49,31,0,0.6326530612244898,49.97863753723933,1.897863753723933
DJG Sammy,38,20,1,0.5263157894736842,38.758943396226414,1.8758943396226413
GJ Whittall,137,121,4,0.8832116788321168,139.7361906653426,1.8736190665342605
C Viljoen,32,14,2,0.4375,32.639110228401194,1.8639110228401194
CA Reid,81,64,1,0.7901234567901234,82.61774776564052,1.8617747765640515
J Kariko,130,114,5,0.8769230769230769,132.59638530287984,1.8596385302879839
CD McMillan,123,107,1,0.8699186991869918,125.45657994041709,1.8456579940417086
B Regmi,67,50,2,0.746268656716418,68.338137040715,1.8338137040714997
G Singh,113,97,6,0.8584070796460177,115.25685799404171,1.8256857994041709
Sabir Ali,109,93,3,0.8532110091743119,111.17696921549157,1.8176969215491567
MADI Hemantha,158,143,2,0.9050632911392406,161.1556067527309,1.8155606752730904
Imran Haider,506,498,17,0.9841897233201581,516.1059304865938,1.810593048659382
Aamer Jamal,102,86,3,0.8431372549019608,104.0371638530288,1.8037163853028801
C Sakariya,51,34,2,0.6666666666666666,52.0185819265144,1.80185819265144
RN Bhatia,348,337,3,0.9683908045977011,354.950323733863,1.7950323733863
Shoaib Khan,146,131,2,0.8972602739726028,148.91594041708044,1.7915940417080436
SN Thakur,1988,2010,66,1.011066398390342,2027.704722939424,1.7704722939424073
NO Miller,129,114,3,0.8837209302325582,131.57641310824232,1.7576413108242321
AD Russell,177,163,6,0.9209039548022598,180.5350784508441,1.753507845084411
S Prasanna,176,162,1,0.9204545454545454,179.51510625620656,1.7515106256206565
J Botha,72,56,1,0.7777777777777778,73.43799801390269,1.7437998013902685
DA Payne,57,41,2,0.7192982456140351,58.13841509433963,1.7138415094339627
CT Tremlett,98,83,1,0.8469387755102041,99.95727507447866,1.695727507447866
IS Sohi,94,79,5,0.8404255319148937,95.8773862959285,1.6877386295928503
Surya Tamang,93,78,1,0.8387096774193549,94.85741410129097,1.685741410129097
Shivam Sharma,186,173,7,0.9301075268817204,189.71482820258194,1.6714828202581942
PW Borren,75,60,1,0.8,76.4979145978153,1.6497914597815295
LHD Dilhara,75,60,3,0.8,76.4979145978153,1.6497914597815295
A Bohara,66,51,1,0.7727272727272727,67.31816484607747,1.6318164846077465
N Deonarine,88,74,4,0.8409090909090909,89.75755312810328,1.5757553128103283
T Bavuma,37,22,0,0.5945945945945946,37.73897120158888,1.5738971201588883
S Vesawkar,36,21,2,0.5833333333333334,36.71899900695134,1.5718999006951342
Bikram Sob,129,116,5,0.8992248062015504,131.57641310824232,1.557641310824232
J Liyanage,173,161,3,0.930635838150289,176.45518967229395,1.5455189672293954
Sultan Ahmed (2),72,58,0,0.8055555555555556,73.43799801390269,1.5437998013902685
K Phillip,171,159,3,0.9298245614035088,174.4152452830189,1.541524528301889
KOK Williams,168,156,8,0.9285714285714286,171.35532869910628,1.535532869910628
DM Dupavillon,67,53,1,0.7910447761194029,68.338137040715,1.5338137040714996
SC van Schalkwyk,502,497,16,0.9900398406374502,512.0260417080437,1.502604170804375
SSD Arachchige,42,28,1,0.6666666666666666,42.83883217477657,1.483883217477657
KH Pandya,234,224,2,0.9572649572649573,238.67349354518373,1.4673493545183731
Muhammad Farooq,81,68,0,0.8395061728395061,82.61774776564052,1.4617747765640516
GSNFG Jayasuriya,181,170,1,0.9392265193370166,184.61496722939424,1.4614967229394238
JD Unadkat,30,16,1,0.5333333333333333,30.59916583912612,1.4599165839126118
Akeem Jordan,70,57,1,0.8142857142857143,71.39805362462761,1.4398053624627607
S Sriram,56,43,3,0.7678571428571429,57.11844289970209,1.4118442899702088
Zawar Farid,205,195,8,0.9512195121951219,209.09429990069515,1.4094299900695149
SK Atai,48,35,0,0.7291666666666666,48.95866534260179,1.395866534260179
Hassnain Shah,198,188,2,0.9494949494949495,201.95449453823238,1.3954494538232383
JDS Neesham,1244,1255,35,1.0088424437299035,1268.8454101290963,1.3845410129096307
SD Udal,42,29,1,0.6904761904761905,42.83883217477657,1.383883217477657
DR Martyn,90,78,1,0.8666666666666667,91.79749751737836,1.379749751737836
DSK Madushanka,39,26,3,0.6666666666666666,39.77891559086395,1.3778915590863954
Adeel Raja,137,126,6,0.9197080291970803,139.7361906653426,1.3736190665342605
JJC Lawson,225,216,4,0.96,229.4937437934459,1.34937437934459
IR Bell,22,9,3,0.4090909090909091,22.43938828202582,1.3439388282025821
D Birrell,66,54,1,0.8181818181818182,67.31816484607747,1.3318164846077465
TW Hartley,60,48,0,0.8,61.19833167825224,1.3198331678252238
Haris Sohail,150,140,2,0.9333333333333333,152.9958291956306,1.299582919563059
Mahmudullah,646,646,9,1.0,658.9020377358491,1.2902037735849148
SF Mire,94,83,5,0.8829787234042553,95.8773862959285,1.2877386295928503
T Gwandu,143,133,4,0.9300699300699301,145.85602383316782,1.2856023833167824
Sandeep Goud,91,80,0,0.8791208791208791,92.81746971201589,1.2817469712015892
M van Jaarsveld,32,20,1,0.625,32.639110228401194,1.2639110228401194
M van Lingen,76,65,2,0.8552631578947368,77.51788679245283,1.2517886792452828
D Gamage,70,59,1,0.8428571428571429,71.39805362462761,1.2398053624627607
KS Airee,120,110,2,0.9166666666666666,122.39666335650448,1.2396663356504476
S Thuraisingam,119,109,4,0.9159663865546218,121.37669116186694,1.2376691161866944
NE Bonner,67,56,1,0.835820895522388,68.338137040715,1.2338137040714998
Mohammad Abbas,167,158,1,0.9461077844311377,170.33535650446873,1.2335356504468735
LN Onyango,62,51,2,0.8225806451612904,63.23827606752731,1.223827606752731
MW Parkinson,211,203,5,0.9620853080568721,215.21413306852037,1.2214133068520368
Abu Hider,54,43,1,0.7962962962962963,55.07849851042701,1.2078498510427012
SO Ngoche,54,43,1,0.7962962962962963,55.07849851042701,1.2078498510427012
Wahab Riaz,604,604,17,1.0,616.0632055610726,1.206320556107255
Mohammad Khalil,153,144,5,0.9411764705882353,156.0557457795432,1.20557457795432
AJ Tye,400,396,15,0.99,407.98887785501495,1.1988877855014948
E Bosch,44,33,1,0.75,44.87877656405164,1.187877656405164
Waqar Younis,189,181,7,0.9576719576719577,192.77474478649455,1.177474478649455
PKD Chase,174,166,5,0.9540229885057471,177.4751618669315,1.14751618669315
M Faraz Akram,172,164,4,0.9534883720930233,175.4352174776564,1.1435217477656408
K Sonavale,15,4,2,0.26666666666666666,15.29958291956306,1.129958291956306
PM Pushpakumara,114,105,1,0.9210526315789473,116.27683018867926,1.1276830188679257
HK Badani,63,53,2,0.8412698412698413,64.25824826216486,1.1258248262164856
MN Waller,62,52,0,0.8387096774193549,63.23827606752731,1.1238276067527309
CP Rizwan,61,51,1,0.8360655737704918,62.21830387288978,1.1218303872889777
TR Gripper,49,39,2,0.7959183673469388,49.97863753723933,1.0978637537239329
Saud Shakeel,47,37,1,0.7872340425531915,47.93869314796425,1.0938693147964251
Shariz Ahmad,595,596,19,1.0016806722689076,606.8834558093347,1.0883455809334692
Tanveer Ahmed,43,33,1,0.7674418604651163,43.8588043694141,1.0858804369414101
K Birkenstock,236,230,5,0.9745762711864406,240.7134379344588,1.0713437934458796
Akif Javed,184,177,7,0.9619565217391305,187.67488381330685,1.0674883813306848
J Matharu,80,71,0,0.8875,81.59777557100298,1.0597775571002983
K Weeraratne,24,14,0,0.5833333333333334,24.479332671300895,1.0479332671300896
A Johnson,24,14,0,0.5833333333333334,24.479332671300895,1.0479332671300896
AJ Finch,171,164,2,0.9590643274853801,174.4152452830189,1.041524528301889
J Yadav,62,53,0,0.8548387096774194,63.23827606752731,1.023827606752731
PADLR Sandakan,1111,1123,17,1.0108010801080107,1133.189108242304,1.0189108242303972
JS Patel,56,47,1,0.8392857142857143,57.11844289970209,1.011844289970209
Mujibur Ali,89,81,3,0.9101123595505618,90.77752532274081,0.9777525322740814
RL Powell,189,183,4,0.9682539682539683,192.77474478649455,0.9774744786494551
K Mahato,85,77,2,0.9058823529411765,86.69763654419067,0.9697636544190672
C Cassell,282,278,11,0.9858156028368794,287.6321588877855,0.9632158887785522
Khaled Ahmed,80,72,3,0.9,81.59777557100298,0.9597775571002984
BO van Rooi,130,123,1,0.9461538461538461,132.59638530287984,0.9596385302879838
Saeed Anwar,24,15,1,0.625,24.479332671300895,0.9479332671300895
SB Bangar,68,60,0,0.8823529411764706,69.35810923535254,0.9358109235352543
ME Trescothick,155,149,2,0.9612903225806452,158.0956901688183,0.9095690168818293
Yasir Mohammad,253,249,7,0.9841897233201581,258.0529652432969,0.905296524329691
MC Henriques,49,41,1,0.8367346938775511,49.97863753723933,0.8978637537239329
MJ Hoggard,299,296,5,0.9899665551839465,304.97168619662364,0.8971686196623636
LM Jongwe,586,589,18,1.0051194539249146,597.7037060575968,0.8703706057596833
HS Baidwan,84,77,1,0.9166666666666666,85.67766434955314,0.867766434955314
DPMD Jayawardene,32,24,1,0.75,32.639110228401194,0.8639110228401193
Nazmul Hossain Shanto,78,71,1,0.9102564102564102,79.5578311817279,0.8557831181727906
Kamran Ghulam,24,16,1,0.6666666666666666,24.479332671300895,0.8479332671300895
N Rana,18,10,0,0.5555555555555556,18.35949950347567,0.8359499503475671
MJ Potts,416,416,13,1.0,424.3084329692155,0.8308432969215517
MW Forde,557,560,17,1.0053859964093357,568.1245124131083,0.8124512413108278
Aaron Jones,200,196,0,0.98,203.99443892750747,0.7994438927507475
KMA Paul,1151,1166,32,1.0130321459600347,1173.9879960278054,0.7987996027805366
S Sreesanth,199,195,4,0.9798994974874372,202.97446673286993,0.7974466732869928
N Pooran,178,174,6,0.9775280898876404,181.55505064548163,0.7555050645481629
SR Thompson,26,19,1,0.7307692307692307,26.51927706057597,0.751927706057597
A Athanaze,26,19,1,0.7307692307692307,26.51927706057597,0.751927706057597
Utkarsh Srivastava,24,17,0,0.7083333333333334,24.479332671300895,0.7479332671300896
SMA Priyanjan,19,12,0,0.631578947368421,19.379471698113207,0.7379471698113207
E Malinga,167,163,4,0.9760479041916168,170.33535650446873,0.7335356504468734
RG Aga,163,159,3,0.9754601226993865,166.25546772591858,0.7255467725918578
RR Beaton,107,102,1,0.9532710280373832,109.13702482621649,0.7137024826216489
RJ van Vuuren,307,306,8,0.996742671009772,313.13146375372395,0.7131463753723949
Usman Qadir,54,48,1,0.8888888888888888,55.07849851042701,0.707849851042701
M Shiraz,54,48,1,0.8888888888888888,55.07849851042701,0.707849851042701
Jatinder Singh,43,37,1,0.8604651162790697,43.8588043694141,0.6858804369414102
NT Nyamhuri,41,35,0,0.8536585365853658,41.81885998013903,0.6818859980139031
IG Butler,89,84,1,0.9438202247191011,90.77752532274081,0.6777525322740814
V Kohli,33,27,1,0.8181818181818182,33.65908242303873,0.6659082423038732
I Kaia,28,22,0,0.7857142857142857,28.559221449851044,0.6559221449851045
MKGCP Lakshitha,72,67,2,0.9305555555555556,73.43799801390269,0.6437998013902686
LA Dawson,217,215,3,0.9907834101382489,221.3339662363456,0.6333966236345588
Mohammad Ali,65,60,1,0.9230769230769231,66.29819265143992,0.6298192651439919
SJ Modani,12,6,0,0.5,12.239666335650448,0.6239666335650448
Umar Amin,12,6,0,0.5,12.239666335650448,0.6239666335650448
H Shah,60,55,0,0.9166666666666666,61.19833167825224,0.6198331678252238
JM Vince,43,38,1,0.8837209302325582,43.8588043694141,0.5858804369414102
V Sibanda,93,89,2,0.956989247311828,94.85741410129097,0.5857414101290971
M Jansen,1442,1465,44,1.0159500693481276,1470.7999046673287,0.5799904667328747
TL Chivanga,189,187,4,0.9894179894179894,192.77474478649455,0.5774744786494551
Ahsan Malik,83,79,6,0.9518072289156626,84.6576921549156,0.5657692154915595
Navdeep Saini,32,27,0,0.84375,32.639110228401194,0.5639110228401194
Talha Jubair,77,73,0,0.948051948051948,78.53785898709037,0.5537858987090374
T Taibu,25,20,0,0.8,25.499304865938434,0.5499304865938435
S Muthusamy,71,67,2,0.9436619718309859,72.41802581926515,0.5418025819265153
EJB Miles,120,117,4,0.975,122.39666335650448,0.5396663356504476
AR Bisht,19,14,0,0.7368421052631579,19.379471698113207,0.5379471698113207
Muhammad Jawadullah,515,520,11,1.0097087378640777,525.2856802383317,0.5285680238331679
RD Chahar,62,58,3,0.9354838709677419,63.23827606752731,0.5238276067527309
Adhitya Shetty,60,56,1,0.9333333333333333,61.19833167825224,0.5198331678252238
JL Denly,104,101,1,0.9711538461538461,106.07710824230388,0.5077108242303879
F Hand,49,45,1,0.9183673469387755,49.97863753723933,0.49786375372393293
JNT Seales,934,948,22,1.0149892933618843,952.6540297914598,0.4654029791459834
Soumya Sarkar,482,487,20,1.0103734439834025,491.626597815293,0.4626597815292996
I Maraj,27,23,0,0.8518518518518519,27.539249255213505,0.45392492552135055
RTM Mendis,77,74,4,0.961038961038961,78.53785898709037,0.4537858987090374
GC Smith,125,123,1,0.984,127.49652432969216,0.4496524329692164
C Connolly,72,69,1,0.9583333333333334,73.43799801390269,0.44379980139026853
Fazle Mahmud,20,16,0,0.8,20.399443892750746,0.4399443892750746
Rumman Raees,419,423,13,1.009546539379475,427.36834955312816,0.4368349553128155
RR Powar,61,58,0,0.9508196721311475,62.21830387288978,0.4218303872889777
RS Morton,6,2,0,0.3333333333333333,6.119833167825224,0.41198331678252237
RK Singh,6,2,1,0.3333333333333333,6.119833167825224,0.41198331678252237
H Masakadza,98,96,2,0.9795918367346939,99.95727507447866,0.3957275074478659
MW Machan,44,41,1,0.9318181818181818,44.87877656405164,0.38787765640516414
Tilak Varma,42,39,0,0.9285714285714286,42.83883217477657,0.383883217477657
Wasim Ali,41,38,2,0.926829268292683,41.81885998013903,0.3818859980139031
PW Gunaratne,286,288,7,1.006993006993007,291.71204766633565,0.371204766633565
Danish Aziz,30,27,0,0.9,30.59916583912612,0.3599165839126119
MDJ Walker,30,27,0,0.9,30.59916583912612,0.3599165839126119
JC Balt,26,23,0,0.8846153846153846,26.51927706057597,0.351927706057597
JA Clarkson,75,73,4,0.9733333333333334,76.4979145978153,0.3497914597815296
SK Raina,67,65,1,0.9701492537313433,68.338137040715,0.33381370407149974
Reon King,63,61,1,0.9682539682539683,64.25824826216486,0.3258248262164855
D la Cock,12,9,0,0.75,12.239666335650448,0.32396663356504474
MA Abbas,61,59,2,0.9672131147540983,62.21830387288978,0.3218303872889777
S Dube,110,109,1,0.990909090909091,112.1969414101291,0.31969414101290994
K Pierre,159,159,1,1.0,162.17557894736842,0.31755789473684215
AJ Strauss,6,3,0,0.5,6.119833167825224,0.3119833167825224
HE van der Dussen,6,3,1,0.5,6.119833167825224,0.3119833167825224
NGRP Jayasuriya,96,95,0,0.9895833333333334,97.91733068520358,0.2917330685203581
Ansh Patel,88,87,3,0.9886363636363636,89.75755312810328,0.2757553128103282
H Hiri,85,84,3,0.9882352941176471,86.69763654419067,0.26976365441906724
Junaid Zia,84,83,0,0.9880952380952381,85.67766434955314,0.26776643495531405
JF Smith,31,29,0,0.9354838709677419,31.619138033763655,0.26191380337636544
VR Iyer,30,28,0,0.9333333333333333,30.59916583912612,0.2599165839126119
M Shumba,29,27,0,0.9310344827586207,29.579193644488583,0.2579193644488583
T Mayes,79,78,1,0.9873417721518988,80.57780337636545,0.2577803376365452
DG Blampied,79,78,0,0.9873417721518988,80.57780337636545,0.2577803376365452
Rameez Shahzad,20,18,0,0.9,20.399443892750746,0.2399443892750746
DAS Gunaratne,169,170,4,1.0059171597633136,172.3753008937438,0.23753008937437983
SF Burger,68,67,0,0.9852941176470589,69.35810923535254,0.23581092353525435
Bazid Khan,13,11,0,0.8461538461538461,13.259638530287985,0.22596385302879848
AM McCarthy,12,10,0,0.8333333333333334,12.239666335650448,0.22396663356504476
JL Louw,61,60,1,0.9836065573770492,62.21830387288978,0.2218303872889777
MJ Swepson,160,161,3,1.00625,163.19555114200597,0.21955511420059678
R Parag,55,54,3,0.9818181818181818,56.09847070506455,0.20984707050645496
S Chanderpaul,2,0,0,0.0,2.0399443892750746,0.20399443892750746
Mohammad Ashraful,46,45,0,0.9782608695652174,46.91872095332671,0.19187209533267122
Muhammed Imran,38,37,1,0.9736842105263158,38.758943396226414,0.1758943396226414
SH Johnson,188,190,2,1.0106382978723405,191.754772591857,0.1754772591857005
Younis Khan,37,36,0,0.972972972972973,37.73897120158888,0.1738971201588882
Aakash Chand,82,82,2,1.0,83.63771996027806,0.1637719960278062
Khushdil Shah,330,335,5,1.0151515151515151,336.5908242303873,0.15908242303872838
DE Bernard,29,28,1,0.9655172413793104,29.579193644488583,0.15791936444885835
KM Dabengwa,24,23,0,0.9583333333333334,24.479332671300895,0.14793326713008953
JA Turner,70,70,2,1.0,71.39805362462761,0.13980536246276073
G Malla,19,18,1,0.9473684210526315,19.379471698113207,0.13794716981132069
Ariful Haque,18,17,0,0.9444444444444444,18.35949950347567,0.13594995034756713
Zahid Mahmood,218,221,4,1.0137614678899083,222.35393843098313,0.13539384309831348
N Pradeep,1269,1293,40,1.0189125295508275,1294.3447149950348,0.1344714995034792
GD Phillips,718,731,16,1.0181058495821727,732.3400357497518,0.13400357497517917
NR Kumar,67,67,2,1.0,68.338137040715,0.13381370407149973
Mohammad Mithun,13,12,0,0.9230769230769231,13.259638530287985,0.12596385302879848
AK Perera,12,11,0,0.9166666666666666,12.239666335650448,0.12396663356504475
Mohammad Boota,12,11,0,0.9166666666666666,12.239666335650448,0.12396663356504475
ME Sanuth,61,61,1,1.0,62.21830387288978,0.1218303872889777
Vikramjit Singh,257,261,7,1.0155642023346303,262.1328540218471,0.11328540218470948
Musa Ahmed,6,5,0,0.8333333333333334,6.119833167825224,0.11198331678252238
KH Prajapati,2,1,0,0.5,2.0399443892750746,0.10399443892750745
MEK Hussey,92,93,3,1.0108695652173914,93.83744190665342,0.08374419066534244
SS Iyer,39,39,0,1.0,39.77891559086395,0.07789155908639529
J Neill,34,34,0,1.0,34.67905461767627,0.06790546176762717
B Ward,183,186,4,1.0163934426229508,186.65491161866933,0.06549116186693311
MG Kariata,31,31,1,1.0,31.619138033763655,0.06191380337636545
RS Gavaskar,73,74,1,1.0136986301369864,74.45797020854022,0.04579702085402175
BMAJ Mendis,70,71,0,1.0142857142857142,71.39805362462761,0.03980536246276074
PS Masvaure,19,19,0,1.0,19.379471698113207,0.037947169811320694
JB Reva,18,18,0,1.0,18.35949950347567,0.035949950347567136
AT Rayudu,13,13,0,1.0,13.259638530287985,0.02596385302879849
A Sharafu,12,12,0,1.0,12.239666335650448,0.02396663356504476
D Lakshan,12,12,0,1.0,12.239666335650448,0.02396663356504476
VS Solanki,12,12,0,1.0,12.239666335650448,0.02396663356504476
CBRLS Kumara,1007,1027,35,1.0198609731876862,1027.112,0.011200000000008004
OP Stone,403,411,9,1.0198511166253101,411.04879443892753,0.0048794438927529885
Yousuf Youhana,1,1,0,1.0,1.0199721946375373,0.00199721946375373
K Gowtham,50,51,1,1.02,50.99860973187687,-0.00013902681231314773
R Powell,250,255,3,1.02,254.99304865938433,-0.0006951340615671597
KU Carty,27,28,0,1.037037037037037,27.539249255213505,-0.04607507447864947
I Udana,827,844,22,1.0205562273276905,843.5170049652434,-0.0482995034756641
CL White,25,26,0,1.04,25.499304865938434,-0.05006951340615658
AS Luseno,25,26,0,1.04,25.499304865938434,-0.05006951340615658
Abul Hasan,24,25,0,1.0416666666666667,24.479332671300895,-0.05206673286991048
Imran Farhat,18,19,1,1.0555555555555556,18.35949950347567,-0.06405004965243286
RG Sharma,17,18,1,1.0588235294117647,17.339527308838136,-0.06604726911618641
J Campbell,12,13,0,1.0833333333333333,12.239666335650448,-0.07603336643495524
L Wood,61,63,0,1.0327868852459017,62.21830387288978,-0.0781696127110223
C Gunasekara,7,8,0,1.1428571428571428,7.139805362462761,-0.0860194637537239
KDK Vithanage,6,7,0,1.1666666666666667,6.119833167825224,-0.08801668321747762
FDM Karunaratne,6,7,0,1.1666666666666667,6.119833167825224,-0.08801668321747762
Afif Hossain,105,108,3,1.0285714285714285,107.09708043694141,-0.09029195630585889
Towhid Hridoy,1,2,0,2.0,1.0199721946375373,-0.09800278053624627
AR Cusack,51,53,1,1.0392156862745099,52.0185819265144,-0.09814180734855996
Muhammad Musa,99,102,2,1.0303030303030303,100.97724726911619,-0.10227527308838091
MJ Mindley,43,45,1,1.0465116279069768,43.8588043694141,-0.11411956305858979
G Bajwa,38,40,0,1.0526315789473684,38.758943396226414,-0.12410566037735862
Yasir Arafat,30,32,1,1.0666666666666667,30.59916583912612,-0.1400834160873881
WS Jayantha,25,27,1,1.08,25.499304865938434,-0.15006951340615657
DS Bajwa,25,27,1,1.08,25.499304865938434,-0.15006951340615657
D Khanal,18,20,0,1.1111111111111112,18.35949950347567,-0.16405004965243286
HR Johnson,67,70,1,1.044776119402985,68.338137040715,-0.16618629592850026
JE Taylor,266,273,5,1.0263157894736843,271.3126037735849,-0.16873962264151032
DJ Malan,15,17,1,1.1333333333333333,15.29958291956306,-0.17004170804369406
KP Walmsley,61,64,1,1.0491803278688525,62.21830387288978,-0.1781696127110223
BG Lister,161,166,4,1.031055900621118,164.2155233366435,-0.1784476663356486
KAR Hodge,109,113,2,1.036697247706422,111.17696921549157,-0.18230307845084326
C Hemraj,7,9,0,1.2857142857142858,7.139805362462761,-0.18601946375372388
B Sharki,6,8,0,1.3333333333333333,6.119833167825224,-0.1880166832174776
AT Nidamanuru,6,8,0,1.3333333333333333,6.119833167825224,-0.1880166832174776
DL Blake,6,8,0,1.3333333333333333,6.119833167825224,-0.1880166832174776
Shamim Hossain,6,8,0,1.3333333333333333,6.119833167825224,-0.1880166832174776
H Dhami,51,54,3,1.0588235294117647,52.0185819265144,-0.19814180734855996
Joseph Angara,49,52,1,1.0612244897959184,49.97863753723933,-0.20213624627606705
E Otieno,43,46,1,1.069767441860465,43.8588043694141,-0.21411956305858978
RR Sarwan,137,142,6,1.0364963503649636,139.7361906653426,-0.22638093346573954
RP Meredith,33,36,0,1.0909090909090908,33.65908242303873,-0.23409175769612672
H Klaasen,30,33,0,1.1,30.59916583912612,-0.2400834160873881
NN Odhiambo,79,83,2,1.0506329113924051,80.57780337636545,-0.2422196623634548
BJ Patel,18,21,0,1.1666666666666667,18.35949950347567,-0.26405004965243284
RW Sims,18,21,0,1.1666666666666667,18.35949950347567,-0.26405004965243284
T Stubbs,12,15,0,1.25,12.239666335650448,-0.27603336643495524
Sarfraz Ahmed,12,15,0,1.25,12.239666335650448,-0.27603336643495524
CB Lambert,62,66,0,1.064516129032258,63.23827606752731,-0.2761723932472691
A Ashok,61,65,1,1.0655737704918034,62.21830387288978,-0.2781696127110223
DLS van Bunge,61,65,5,1.0655737704918034,62.21830387288978,-0.2781696127110223
KNA Bandara,6,9,0,1.5,6.119833167825224,-0.28801668321747764
DD Ebrahim,2,5,0,2.5,2.0399443892750746,-0.29600556107249254
Salman Butt,38,42,0,1.105263157894737,38.758943396226414,-0.3241056603773586
Zaman Khan,36,40,2,1.1111111111111112,36.71899900695134,-0.3281000993048657
KR Sen,33,37,2,1.121212121212121,33.65908242303873,-0.33409175769612676
JP Greaves,277,286,4,1.032490974729242,282.53229791459785,-0.34677020854021523
PD Blignaut,24,28,1,1.1666666666666667,24.479332671300895,-0.35206673286991047
Jamaluddin Ahmed,24,28,0,1.1666666666666667,24.479332671300895,-0.35206673286991047
LP van Troost,18,22,0,1.2222222222222223,18.35949950347567,-0.36405004965243287
J Little,2070,2115,64,1.0217391304347827,2111.3424428997023,-0.36575571002977086
DO Leicher,64,69,1,1.078125,65.27822045680239,-0.3721779543197613
DR Mousley,13,17,0,1.3076923076923077,13.259638530287985,-0.3740361469712015
Hussain Talat,13,17,0,1.3076923076923077,13.259638530287985,-0.3740361469712015
BOP Fernando,12,16,0,1.3333333333333333,12.239666335650448,-0.3760333664349552
SH Lewis,62,67,4,1.0806451612903225,63.23827606752731,-0.3761723932472691
MA Agarwal,6,10,0,1.6666666666666667,6.119833167825224,-0.3880166832174776
T Munyonga,6,10,0,1.6666666666666667,6.119833167825224,-0.3880166832174776
PM Siddle,156,163,2,1.044871794871795,159.1156623634558,-0.38843376365441884
Asif Ali,5,9,0,1.8,5.0998609731876865,-0.3900139026812314
B Sai Sudharsan,4,8,0,2.0,4.079888778550149,-0.39201112214498507
JJ Davidson,353,364,12,1.0311614730878187,360.0501847070507,-0.39498152929493247
R Dhakal,149,156,3,1.0469798657718121,151.97585700099305,-0.4024142999006955
AJ Burger,98,104,3,1.0612244897959184,99.95727507447866,-0.4042724925521341
Khurram Chohan,96,102,5,1.0625,97.91733068520358,-0.40826693147964194
RR Hendricks,42,47,1,1.119047619047619,42.83883217477657,-0.41611678252234297
NM Hauritz,30,35,0,1.1666666666666667,30.59916583912612,-0.4400834160873881
SV Bahutule,19,24,0,1.263157894736842,19.379471698113207,-0.4620528301886793
D Paterson,213,222,4,1.0422535211267605,217.25407745779543,-0.47459225422045676
SA Engelbrecht,12,17,0,1.4166666666666667,12.239666335650448,-0.47603336643495525
SA Yadav,12,17,0,1.4166666666666667,12.239666335650448,-0.47603336643495525
Mushtaq Ahmed,60,66,0,1.1,61.19833167825224,-0.4801668321747762
C Zhuwao,1,6,0,6.0,1.0199721946375373,-0.49800278053624625
A Phillip,201,210,4,1.044776119402985,205.014411122145,-0.49855888778550084
WG Jacks,301,312,6,1.0365448504983388,307.01163058589873,-0.49883694141012713
JP Faulkner,98,105,1,1.0714285714285714,99.95727507447866,-0.5042724925521341
CAK Rajitha,1198,1227,33,1.0242070116861435,1221.9266891757698,-0.5073310824230248
ML Nkala,293,304,5,1.0375426621160408,298.8518530287984,-0.5148146971201584
NA de Groot,81,88,3,1.0864197530864197,82.61774776564052,-0.5382252234359484
CK Holder,20,26,0,1.3,20.399443892750746,-0.5600556107249254
M Mpongwana,19,25,0,1.3157894736842106,19.379471698113207,-0.5620528301886794
JL Ontong,18,24,1,1.3333333333333333,18.35949950347567,-0.5640500496524329
D Olivier,117,125,3,1.0683760683760684,119.33674677259187,-0.5663253227408134
A Patel,66,73,3,1.106060606060606,67.31816484607747,-0.5681835153922534
Abu Jayed,113,121,5,1.0707964601769913,115.25685799404171,-0.574314200595829
MA Aponso,111,119,3,1.072072072072072,113.21691360476665,-0.5783086395233354
GLS Scrimshaw,60,67,3,1.1166666666666667,61.19833167825224,-0.5801668321747762
SS Pathirana,105,113,2,1.0761904761904761,107.09708043694141,-0.5902919563058588
NAM McLean,37,44,0,1.1891891891891893,37.73897120158888,-0.6261028798411118
HT Tector,184,194,2,1.0543478260869565,187.67488381330685,-0.6325116186693152
CJ Chibhabha,31,38,0,1.2258064516129032,31.619138033763655,-0.6380861966236345
Matiullah Khan,31,38,1,1.2258064516129032,31.619138033763655,-0.6380861966236345
MDK Perera,18,25,0,1.3888888888888888,18.35949950347567,-0.6640500496524329
Shubman Gill,18,25,0,1.3888888888888888,18.35949950347567,-0.6640500496524329
AO Suji,216,227,5,1.0509259259259258,220.31399404170804,-0.6686005958291957
SJ Cameron,114,123,3,1.0789473684210527,116.27683018867926,-0.6723169811320744
AM Tribe,13,20,0,1.5384615384615385,13.259638530287985,-0.6740361469712015
JL Carter,12,19,1,1.5833333333333333,12.239666335650448,-0.6760333664349553
Badal Singh,62,70,0,1.1290322580645162,63.23827606752731,-0.6761723932472691
B White,110,119,1,1.0818181818181818,112.1969414101291,-0.6803058589870901
JD Campbell,6,13,0,2.1666666666666665,6.119833167825224,-0.6880166832174777
W Barresi,6,13,0,2.1666666666666665,6.119833167825224,-0.6880166832174777
G Toka,102,111,3,1.088235294117647,104.0371638530288,-0.6962836146971199
CJ Jordan,134,144,4,1.0746268656716418,136.67627408143,-0.7323725918570005
HJC Mol,80,89,2,1.1125,81.59777557100298,-0.7402224428997016
TH David,12,20,1,1.6666666666666667,12.239666335650448,-0.7760333664349552
SPD Smith,31,40,1,1.2903225806451613,31.619138033763655,-0.8380861966236346
Raza-ur-Rehman,67,77,1,1.1492537313432836,68.338137040715,-0.8661862959285003
CJ Dala,159,171,2,1.0754716981132075,162.17557894736842,-0.8824421052631578
C Wickramasinghe,58,68,1,1.1724137931034482,59.15838728897717,-0.8841612711022833
Aamer Yamin,55,65,1,1.1818181818181819,56.09847070506455,-0.8901529294935451
JI de Villiers,144,156,3,1.0833333333333333,146.87599602780537,-0.9124003972194629
T Natarajan,132,144,4,1.0909090909090908,134.63632969215493,-0.9363670307845069
N Ifill,79,90,0,1.139240506329114,80.57780337636545,-0.9422196623634548
BDH Stevens,18,28,0,1.5555555555555556,18.35949950347567,-0.9640500496524329
KP Pietersen,12,22,0,1.8333333333333333,12.239666335650448,-0.9760333664349552
MNK Fernando,12,22,0,1.8333333333333333,12.239666335650448,-0.9760333664349552
PHKD Mendis,207,221,2,1.067632850241546,211.1342442899702,-0.9865755710029788
Hannan Sarkar,3,13,0,4.333333333333333,3.059916583912612,-0.9940083416087389
W Mwayenga,74,86,1,1.162162162162162,75.47794240317776,-1.0522057596822236
MG Neser,224,239,3,1.0669642857142858,228.47377159880836,-1.0526228401191644
BRM Taylor,117,130,3,1.1111111111111112,119.33674677259187,-1.0663253227408134
BL Kotze,266,282,4,1.0601503759398496,271.3126037735849,-1.0687396226415102
TJ Friend,57,69,1,1.2105263157894737,58.13841509433963,-1.0861584905660373
G Hoey,102,115,1,1.1274509803921569,104.0371638530288,-1.09628361469712
Ihsanullah,49,61,0,1.2448979591836735,49.97863753723933,-1.102136246276067
Hasibul Hossain,107,121,1,1.1308411214953271,109.13702482621649,-1.186297517378351
LN Roche,142,157,2,1.1056338028169015,144.8360516385303,-1.2163948361469692
HK Bennett,184,200,8,1.0869565217391304,187.67488381330685,-1.232511618669315
RR Joshi,63,77,2,1.2222222222222223,64.25824826216486,-1.2741751737835145
Sabbir Rahman,106,121,0,1.1415094339622642,108.11705263157896,-1.2882947368421043
JW Wilson,54,68,1,1.2592592592592593,55.07849851042701,-1.2921501489572988
Nizakat Khan,24,38,0,1.5833333333333333,24.479332671300895,-1.3520667328699105
NS Dhaliwal,6,20,0,3.3333333333333335,6.119833167825224,-1.3880166832174776
LJ Hamilton,52,67,0,1.2884615384615385,53.03855412115194,-1.396144587884806
Saqib Zulfiqar,284,304,8,1.0704225352112675,289.6721032770606,-1.4327896722939386
Usman Rafiq,32,47,0,1.46875,32.639110228401194,-1.4360889771598806
JE Root,632,659,10,1.0427215189873418,644.6224270109236,-1.4377572989076384
CK Tshuma,67,83,1,1.2388059701492538,68.338137040715,-1.4661862959285004
BJ Bennett,12,27,0,2.25,12.239666335650448,-1.4760333664349552
SSB Magala,362,384,15,1.0607734806629834,369.2299344587885,-1.4770065541211523
Rashid Zia,59,75,0,1.271186440677966,60.1783594836147,-1.4821640516385302
AS Hansra,18,34,0,1.8888888888888888,18.35949950347567,-1.5640500496524328
RW Staple,61,78,2,1.278688524590164,62.21830387288978,-1.5781696127110223
S Kaul,108,126,1,1.1666666666666667,110.15699702085402,-1.584300297914598
Mrittunjoy Chowdhury,51,68,0,1.3333333333333333,52.0185819265144,-1.59814180734856
GJ Delany,351,374,6,1.0655270655270654,358.0102403177756,-1.5989759682224416
Y Cariah,599,627,16,1.0467445742904842,610.9633445878849,-1.6036655412115124
Irfan Khan,34,51,3,1.5,34.67905461767627,-1.6320945382323728
AA Paradkar,224,245,9,1.09375,228.47377159880836,-1.6526228401191645
Shaiman Anwar,113,132,5,1.168141592920354,115.25685799404171,-1.6743142005958291
MP O'Dowd,134,154,1,1.1492537313432836,136.67627408143,-1.7323725918570005
KJ Harding,69,88,1,1.2753623188405796,70.37808142999008,-1.7621918570009925
TJG Pringle,200,222,2,1.11,203.99443892750747,-1.8005561072492526
CT Mutombodzi,61,81,1,1.3278688524590163,62.21830387288978,-1.8781696127110223
Ravi Bishnoi,53,73,1,1.3773584905660377,54.05852631578948,-1.8941473684210521
Umran Malik,381,408,13,1.0708661417322836,388.6094061569017,-1.9390593843098316
Waseem Muhammad,75,96,0,1.28,76.4979145978153,-1.9502085402184703
KT Maphaka,104,126,6,1.2115384615384615,106.07710824230388,-1.9922891757696122
U Bhagwan,150,173,3,1.1533333333333333,152.9958291956306,-2.0004170804369408
Al-Amin Hossain,63,85,1,1.3492063492063493,64.25824826216486,-2.0741751737835146
Mohammad Hasnain,745,781,21,1.0483221476510067,759.8792850049653,-2.1120714995034744
OC McCoy,87,110,4,1.264367816091954,88.73758093346575,-2.126241906653425
BB Seebaran,108,132,1,1.2222222222222223,110.15699702085402,-2.184300297914598
Omid Shafi Rahman,80,104,0,1.3,81.59777557100298,-2.2402224428997015
T Sangha,174,200,2,1.1494252873563218,177.4751618669315,-2.25248381330685
L McCarthy,159,185,5,1.1635220125786163,162.17557894736842,-2.282442105263158
Shafiul Islam,209,238,8,1.138755980861244,213.1741886792453,-2.4825811320754694
MW Jones,107,134,4,1.2523364485981308,109.13702482621649,-2.4862975173783513
DJM Short,90,117,0,1.3,91.79749751737836,-2.520250248262164
Mudassar Bukhari,89,116,3,1.303370786516854,90.77752532274081,-2.5222474677259186
LC Romero,26,52,1,2.0,26.51927706057597,-2.548072293942403
TF van Woerkom,48,75,1,1.5625,48.95866534260179,-2.604133465739821
Mehran Khan,61,89,0,1.459016393442623,62.21830387288978,-2.6781696127110224
BG Rogers,171,202,5,1.1812865497076024,174.4152452830189,-2.758475471698111
MVT Fernando,308,342,5,1.1103896103896105,314.1514359483615,-2.7848564051638505
LS Livingstone,892,938,22,1.0515695067264574,909.8151976166832,-2.8184802383316763
RP Burl,550,590,13,1.0727272727272728,560.9847070506455,-2.901529294935449
BM Tickner,649,691,18,1.0647149460708782,661.9619543197617,-2.903804568023827
JG Bethell,210,245,7,1.1666666666666667,214.19416087388282,-3.0805839126117176
AAP Atkinson,494,535,13,1.082995951417004,503.86626415094344,-3.1133735849056565
J Blades,39,73,0,1.8717948717948718,39.77891559086395,-3.322108440913605
JT Ball,214,252,3,1.1775700934579438,218.27404965243298,-3.372595034756702
C Bosch,108,144,2,1.3333333333333333,110.15699702085402,-3.384300297914598
M Labuschagne,284,325,8,1.1443661971830985,289.6721032770606,-3.5327896722939385
PM Liyanagamage,229,271,5,1.1834061135371179,233.57363257199603,-3.7426367428003973
S Joseph,134,175,1,1.3059701492537314,136.67627408143,-3.8323725918570006
CT Mumba,219,262,8,1.1963470319634704,223.37391062562068,-3.862608937437932
BA Carse,1048,1111,29,1.0601145038167938,1068.930859980139,-4.206914001986092
S Snater,81,125,1,1.5432098765432098,82.61774776564052,-4.238225223435949
UT Yadav,309,358,9,1.1585760517799353,315.17140814299904,-4.2828591857000955
SE Rutherford,115,161,3,1.4,117.29680238331679,-4.370319761668322
ST Gabriel,477,532,10,1.1153039832285114,486.52673684210527,-4.547326315789474
E Chigumbura,389,443,9,1.1388174807197944,396.769183714002,-4.623081628599801
NA Saini,403,458,7,1.1364764267990075,411.04879443892753,-4.695120556107247
M Pathirana,442,499,15,1.1289592760180995,450.8277100297915,-4.817228997020851
G Coetzee,632,693,29,1.0965189873417722,644.6224270109236,-4.837757298907638
O Thomas,931,998,30,1.0719656283566057,949.5941132075473,-4.840588679245275
NG Smith,386,444,13,1.150259067357513,393.7092671300894,-5.029073286991059
ML Cummins,144,203,4,1.4097222222222223,146.87599602780537,-5.612400397219463
PRP Boissevain,133,192,1,1.443609022556391,135.65630188679245,-5.634369811320755
